syllable,surname_count,given_count
a,0,16
aadarsh,0,1
aaditya,0,1
aaron,0,5
aarsen,1,0
aashish,0,1
abacha,1,0
abbas,0,1
abbaszadeh,1,0
abbott,1,0
abdelaziz,1,0
abdelfadil,1,0
abdelhak,0,1
abdellah,0,1
abdelnabi,1,0
abdelrahim,0,1
abdelrahman,0,1
abdi,1,0
abdulfattah,0,1
abdullah,1,1
abdullahi,1,0
abdullatif,0,1
abdulmumin,1,0
abdulrahman,0,2
abebe,0,1
abhijit,0,1
abhijnan,0,1
abhik,0,1
abhilasha,0,1
abhinav,0,2
abhisheik,0,1
abigail,0,1
abinav,0,1
abraham,0,1
abudukeyumu,0,1
abudula,1,0
abudurexiti,0,1
abul,0,2
abzaliev,1,0
acampa,1,0
achananuparp,1,0
acikgoz,1,0
adam,0,8
adams,1,0
adebara,1,0
adeen,0,1
adel,1,0
adelani,1,0
adelina,0,1
adeshina,1,0
adhiraj,0,1
adhya,1,0
adi,0,1
adiga,1,0
adilazuarda,1,0
adisai,0,1
adish,0,1
adithya,0,2
aditi,0,1
aditri,0,1
aditya,0,6
adkathimar,1,0
adorno,1,0
adrian,0,3
adriana,0,1
adrita,0,1
adryan,0,1
adversarial,0,1
aekta,0,1
affan,0,1
afrah,0,1
africa,1,0
agarwal,5,0
agassy,1,0
agastya,0,1
agerri,1,0
aggarwal,2,0
agirre,1,0
aglietti,1,0
agnieszka,0,1
agrawal,4,0
agustin,0,1
ahmad,2,1
ahmadi,1,0
ahmed,2,4
ahmedi,1,0
ahn,5,0
ahsan,0,1
ahuja,1,0
ai,2,0
aibo,0,1
aidan,0,1
aidar,0,1
aili,0,1
aimerou,0,1
aimin,0,2
aisha,0,1
aishan,0,2
aishik,0,1
ait,0,1
aitaro,0,1
aiti,0,1
aiwei,0,1
aizawa,1,0
aizirek,0,1
ajay,0,1
aji,1,0
aka,1,0
akang,0,1
akash,1,2
akbar,0,1
akbarzadeh,0,1
akbik,1,0
akella,1,0
akhil,0,1
akhila,0,2
akhmed,0,1
akhter,1,0
akhundjanova,1,0
akmal,0,1
ako,0,1
akshat,0,2
akshatha,0,1
akshay,0,4
akul,0,1
al,0,1
alabi,1,0
alam,1,0
alan,0,4
alatir,1,0
albanie,1,0
albert,0,1
alberto,0,1
aldama,0,1
aldarmaki,1,0
alden,0,1
alekh,0,1
alesh,1,0
alessia,0,1
alessio,0,2
alex,1,3
alexey,0,3
alexis,0,3
alghamdi,1,0
alhafni,1,0
alham,0,1
alhamouri,1,0
alharbi,1,0
alharthi,1,0
ali,3,8
alice,0,1
alicia,0,2
alikhani,1,0
alimova,1,0
aline,0,2
alipoormolabashi,1,0
alireza,0,2
alisheva,1,0
alistair,0,1
alistarh,1,0
aljunied,1,0
alkawi,1,0
alkhouli,1,0
allison,0,1
almheiri,1,0
almubarak,1,0
alois,0,1
alok,0,1
alomari,1,0
alon,0,1
alonso,1,0
alperen,0,1
alqassem,1,0
alquabeh,1,0
alraeesi,1,0
alsagheer,1,0
alsayadi,1,0
alshahrani,1,0
alshalan,1,0
althoff,1,0
alurkar,1,0
alvari,1,0
alvaro,0,1
alvin,0,2
alwajih,1,0
amadeo,0,1
amal,0,1
amalvy,1,0
aman,0,2
ameen,0,1
ameer,1,0
amelie,0,1
ameya,0,1
amigo,1,0
amin,0,4
amina,0,1
amine,0,1
amini,1,0
amir,0,5
amiraz,1,0
amirbek,0,1
amit,0,4
amith,0,1
amjad,1,0
amouyal,1,0
amr,0,2
amrit,0,1
amy,0,1
an,6,6
ana,0,2
anab,0,1
ananiadou,1,0
ananth,0,1
anantha,0,2
ananthram,1,0
ananya,0,1
anar,0,1
anastasia,0,1
anastasiou,1,0
anastasiya,0,1
anastasopoulos,1,0
anastassia,0,1
anej,0,1
anelli,1,0
aneta,0,1
anette,0,1
anfel,0,1
ang,0,2
angel,0,1
angelika,0,1
angelina,0,2
angrave,1,0
angus,0,1
anh,0,3
anika,1,0
aniket,0,2
aniketh,0,1
anil,0,1
aniruddha,0,1
anirudh,0,1
anis,0,1
anjanette,0,1
ankita,0,1
ankush,0,1
anmin,0,1
anmol,0,1
ann,0,1
anna,0,6
annavaram,1,0
anne,0,3
anneliese,0,1
annemarie,0,1
annie,0,1
anningzhe,0,1
annotation,0,1
anoop,0,1
ansar,0,1
ansel,0,1
anshuman,0,1
ansori,1,0
anssi,0,1
ante,0,1
anthis,1,0
anthony,0,4
antoine,0,4
antonia,0,1
antoniak,1,0
antonietta,0,1
antonin,0,1
antonio,0,4
antonios,0,1
anubha,0,1
anudeex,0,1
anugraha,2,0
anuj,0,1
anukriti,0,1
anumanchipalli,1,0
anurag,0,1
anushka,0,1
anwar,1,1
anwen,0,1
anxiang,0,1
anya,0,1
anyi,0,1
ao,3,1
aobo,0,1
aofei,0,1
aojun,0,1
aomi,0,1
aoqiang,0,1
aoyama,1,0
aparna,0,1
aparovich,1,0
aponte,1,0
aptekar,1,0
aquino,1,0
arachchige,1,0
araque,1,0
araujo,1,0
aravind,0,1
aravindan,0,1
arbour,1,0
archan,0,1
archiki,0,1
ardeshir,0,1
arduin,0,1
argumentsmarc,0,1
ari,0,1
arian,0,1
ariana,0,1
ariel,0,2
arik,1,0
ariu,1,0
arjun,0,1
arkadiusz,0,1
arkhipov,1,0
arman,0,1
armineh,0,1
arnault,0,1
arnav,0,1
arne,0,1
arno,0,1
arodi,1,0
arofat,0,1
aron,1,1
arora,2,0
arsene,0,1
arshad,0,1
arshit,0,1
artem,0,2
artetxe,1,0
arthur,0,1
artidoro,0,1
artkaew,1,0
artur,0,1
artyom,0,1
artzi,1,0
arun,0,2
arunasish,0,1
arya,1,1
aryan,0,2
asadi,1,0
asaf,0,1
ashesh,0,1
ashkan,0,1
ashok,1,0
ashokbhai,0,1
ashourinezhad,1,0
ashwin,0,2
asiedu,1,0
asif,0,1
asiko,0,1
askari,1,0
asma,0,1
aspra,0,1
assi,1,0
astapenka,1,0
aston,0,1
asuman,0,1
asuzu,0,1
aswathy,0,1
aswini,0,1
ataman,1,0
atanasova,1,0
atharva,0,1
atharvan,0,1
atif,1,0
atnafu,0,1
atoosa,0,1
atou,1,0
atsuyuki,0,1
attanasio,1,0
attendu,1,0
atticus,0,1
atul,0,2
audra,0,1
augenstein,1,0
august,1,0
aulamo,1,0
aum,0,1
aura,0,1
aurelian,0,1
aurick,0,1
aurora,0,1
austin,1,2
avestimehr,1,0
avgustinova,1,0
avi,0,2
aviv,0,1
avraham,0,1
aw,1,0
awadalla,1,0
aya,0,1
ayaka,0,1
aydar,0,1
aye,0,1
ayesha,0,1
ayhan,0,1
aynetdinov,1,0
ayodele,1,0
ayomide,0,1
ayush,1,4
ayushman,0,1
azarkhalili,1,0
azime,1,0
aziz,1,0
aßenmacher,1,0
b,0,4
babaei,0,1
babakov,1,0
bach,0,1
bachmann,1,0
backes,1,0
badr,0,1
bae,3,0
baek,3,0
baes,1,0
bafna,1,0
bagdon,1,0
baghban,1,0
bagherifard,1,0
baghershahi,1,0
baghshah,1,0
bahrainian,1,0
bahrul,0,1
bai,14,0
baibei,0,1
baihui,0,1
baile,0,1
baining,0,1
bak,1,0
bakaeva,0,1
baker,1,0
bakman,1,0
bala,1,0
baladi,1,0
balaji,0,1
balaraman,0,1
balasubramanian,2,0
balch,1,0
balepur,1,0
balu,1,0
balzotti,1,0
bamman,1,0
ban,2,0
banbury,1,0
banerjee,2,0
bang,1,3
bangera,2,0
bangyu,0,1
bannister,1,0
banon,1,0
bansal,7,0
bao,6,0
baobao,0,1
baochang,0,1
baohang,0,1
baojun,0,1
baolei,0,1
baolong,0,1
baosong,0,1
baotian,0,1
baoxin,0,1
baoyu,0,1
baoyuan,0,2
baral,1,0
barbara,0,2
bardoliya,1,0
barik,1,0
barlas,0,1
barnes,2,0
baroni,1,0
barr,0,1
barrault,1,0
barrow,1,0
barry,0,2
barsoum,1,0
bartels,1,0
barth,1,0
barzelay,1,0
bashar,1,1
bashir,1,0
bassignana,1,0
bastian,0,1
bastings,1,0
basu,1,0
bathina,1,0
batra,1,0
battisti,1,0
baturalp,0,1
bau,1,0
baumler,1,0
bauwens,1,0
bayar,1,0
bayat,1,0
bayramli,1,0
bazaga,1,0
beatrice,0,1
beatrix,0,1
beaulieu,1,0
bechet,1,0
behbahani,1,0
beheshti,1,0
behrooz,0,2
bei,0,2
beichen,0,1
bekassyl,0,1
bela,0,1
beladev,1,0
belay,1,0
belenki,1,0
belginova,1,0
belhassen,0,1
belinkov,1,0
belongie,1,0
beloucif,1,0
belpaeme,1,0
belz,1,0
ben,0,8
benamara,1,0
benfeng,0,1
bengio,2,0
benjamin,0,10
benlong,0,1
bennett,1,0
benoit,0,3
bentivogli,1,0
benyou,0,1
beomseok,0,1
beong,0,1
berant,1,0
berezin,1,0
bergen,1,0
bergman,1,0
berk,0,1
bernard,1,0
bernardi,1,0
bernd,0,1
bernhard,0,2
berrada,1,0
bertolazzi,1,0
berzak,1,0
besmira,0,1
besnik,0,1
best,1,0
bethge,1,0
bevan,0,1
beyer,1,0
beyza,0,1
bhagirath,1,0
bhagoji,1,0
bhat,1,0
bhatia,3,0
bhatnagar,1,0
bhatt,2,0
bhattacharjee,1,0
bhattacharya,1,0
bhattacharyya,3,0
bhavitvya,0,1
bhuwan,0,1
bi,5,0
bian,1,0
biao,0,2
bibo,0,1
bickel,1,0
biemann,1,0
bihan,0,1
bihui,0,1
bill,0,2
billington,1,0
bin,0,12
binbin,0,2
bing,1,6
bingbing,0,2
bingchan,0,1
bingcheng,0,1
bingli,0,1
bingning,0,1
bingshuo,0,1
bingxiang,0,1
bingxuan,0,1
binhan,0,1
binhang,0,1
binhua,0,1
binte,0,1
binxing,0,1
binyuan,0,1
biqing,0,1
birong,0,1
bishal,0,1
bisk,1,0
biswal,1,0
biswas,1,0
bitton,1,0
bjerva,1,0
blaas,1,0
blake,0,1
blanca,0,1
blanco,1,0
bleaman,1,0
blloshmi,1,0
blodgett,1,0
bluethgen,1,0
blum,1,0
blume,1,0
bo,1,20
bocheng,0,1
bochuan,0,1
boci,0,1
bodke,1,0
bodun,0,1
bohan,0,4
boheng,0,1
boi,0,1
bojar,1,0
bojie,0,1
bojkovic,1,0
bojun,0,1
bokaei,1,0
bolanos,1,0
bolei,0,1
bolin,0,1
boling,0,1
bollegala,1,0
bolognesi,1,0
bommana,1,0
bonadiman,1,0
bonan,0,1
bond,1,0
boni,1,0
bonial,1,0
bonizzato,1,0
bonnie,0,1
bono,1,0
bonomo,1,0
boothroyd,1,0
bora,1,0
boran,0,1
borchert,1,0
boren,0,1
borenstein,1,0
borje,0,1
borong,0,1
borui,0,1
bosheng,0,1
bosselut,1,0
botao,0,1
botian,0,1
bouayad,1,0
boudin,1,0
bouraoui,1,0
boutin,1,0
bowei,0,1
bowen,0,11
boxi,0,2
boxuan,0,1
boxun,0,1
boyang,0,4
boyd,2,0
boyi,0,2
boyoung,0,1
boyuan,0,2
bozheng,0,1
brack,1,0
bradley,0,1
brahman,1,0
branislav,0,1
bravo,1,0
brayne,1,0
brei,1,0
brennan,0,1
brett,0,1
brian,0,3
bronzi,1,0
bruce,0,1
bruch,1,0
brunato,1,0
brunner,1,0
bruno,0,1
bryan,0,3
bsharat,1,0
bu,4,0
bucur,1,0
budak,1,0
budzianowski,1,0
bui,2,0
bulatov,1,0
bulyko,1,0
bumjin,0,1
bunzeck,1,0
burchell,1,0
burdick,1,0
burnaev,1,0
bursztyn,1,0
burtsev,1,0
buru,0,1
buthpitiya,1,0
buttery,1,0
buyukates,1,0
buyun,0,1
buzaaba,1,0
byeongjeong,0,1
byeongwook,0,1
byrne,1,0
byrnes,1,0
byung,0,3
c,0,3
cabot,1,0
caccia,1,0
cachola,1,0
caciularu,1,0
cahyawijaya,1,0
cai,18,0
caiming,0,1
caio,0,1
caiqi,0,1
cairui,0,1
caixia,0,1
calderon,1,0
calvin,0,1
calvo,0,1
cambria,1,0
camilo,0,1
campos,1,0
can,0,4
canasai,0,1
canbin,0,1
cancedda,1,0
cangzhi,0,1
cao,33,2
caplan,1,0
caragea,1,0
card,1,0
carin,1,0
carina,0,1
carine,0,1
carlos,0,2
carmen,0,1
carolin,0,2
carolina,0,1
carolyn,0,1
carpuat,1,0
carraz,0,1
carsten,0,1
carter,1,0
casper,0,1
cassie,0,2
castelli,1,0
cat,0,1
catalan,1,0
catanzaro,1,0
caterina,0,1
cava,1,0
caverlee,1,0
cayabyab,1,0
cazalets,0,1
ce,0,1
cecilia,0,2
cedric,0,1
celia,0,1
celine,0,1
cen,1,1
ceren,0,1
cfir,0,1
chae,1,0
chaehun,0,1
chaffin,1,0
chai,3,0
chaim,0,1
chaitanya,0,1
chak,0,1
chakraborty,3,0
chalkidis,1,0
chambers,1,0
chan,2,1
chang,21,3
changes,1,0
changhe,0,1
changhua,0,1
changhun,0,1
changhyeon,0,1
changjun,0,1
changlong,0,1
changya,0,1
changye,0,1
changyuan,0,1
changze,0,1
changzhi,0,2
chanho,0,1
chanjun,0,1
chansung,0,1
chanwoo,0,1
chanwoong,0,1
chao,2,13
chaochao,0,1
chaofan,0,1
chaojun,0,1
chaokun,0,1
chaoqun,0,3
chaoran,0,1
chaoren,0,1
chaowei,0,1
chaoyi,0,1
chaozhuo,0,1
charlene,0,1
charles,0,3
charlow,1,0
charron,1,0
chatrine,0,1
chaturvedi,2,0
chau,2,1
chaudhari,1,0
chaudhuri,2,0
chaudhury,1,0
chauhan,1,0
chawla,2,0
chazan,1,0
che,1,2
chegini,1,0
chen,217,25
chenchen,0,2
chenfei,0,1
chenfeng,0,1
cheng,38,14
chengao,0,1
chenghao,0,4
chenghua,0,1
chengjie,0,1
chengkun,0,1
chenglei,0,2
chenglin,0,1
chengshuai,0,1
chenguang,0,2
chengwei,0,4
chengwu,0,1
chengye,0,1
chengyi,0,1
chengyou,0,1
chengyu,0,2
chengyuan,0,1
chengzhengxu,0,1
chengzhi,1,2
chengzhong,0,1
chenhao,0,4
chenhui,0,1
chenjia,0,1
chenkai,0,1
chenlin,0,1
chenlong,0,1
chenlu,0,1
chenming,0,1
chenqi,0,1
chentao,0,1
chenwen,0,1
chenxi,0,4
chenxia,0,1
chenxiao,0,2
chenxing,0,2
chenxu,0,1
chenyang,0,3
chenye,0,1
chenyi,0,1
chenyu,0,2
cheoljong,0,1
chersoni,1,0
cheston,0,1
chetan,0,1
cheung,2,0
chevi,1,0
chhabra,1,0
chi,0,6
chia,1,3
chiamaka,0,1
chiang,2,1
chidi,0,1
chidubem,0,1
chiebuka,0,1
chieh,0,2
chien,0,3
chieu,1,0
chilimbi,1,0
chimoto,1,0
chin,0,2
ching,0,1
chirag,0,1
chiruzzo,1,0
chitsazan,1,0
chitta,0,1
chiu,1,0
chiwei,0,1
chloe,0,1
cho,5,0
chodroff,1,0
choi,18,0
chong,2,9
chonghua,0,1
chongxuan,0,1
chongyang,0,1
chongyi,0,1
choo,1,0
chopra,1,0
choshen,1,0
chou,1,0
choubey,1,0
choudhari,1,0
choudhary,1,0
choudhury,1,0
chowdhury,2,0
chris,0,9
christ,1,0
christensen,1,0
christian,0,1
christina,0,2
christoph,0,1
christophe,0,2
christopher,0,4
christos,0,2
chrysovalantis,0,1
chu,12,2
chua,1,0
chuan,0,4
chuang,1,1
chuanqi,0,1
chuanyang,0,2
chuanyi,0,1
chubakov,1,0
chuhan,0,1
chuheng,0,1
chujie,0,1
chukwuneke,1,0
chulun,0,1
chun,0,5
chung,1,0
chunghu,0,1
chunhua,0,1
chunhui,0,2
chunlan,0,1
chunlei,0,1
chunpu,0,1
chuntao,0,1
chunting,0,1
chunxiao,0,1
chunyan,0,1
chunyi,0,1
chunyu,0,1
chuwen,0,1
chuxu,0,1
chuyi,0,1
chuyu,0,2
chuyuan,0,1
ciaccio,1,0
cieliebak,1,0
cilin,0,1
cimiano,1,0
ck,0,1
claire,0,1
clara,0,3
clark,2,0
clarke,1,0
claude,0,1
claudia,0,1
clavel,1,0
clavie,1,0
clayton,0,1
clement,0,1
clementine,0,1
cocchieri,1,0
cohan,1,0
cohen,5,0
cointet,1,0
colby,0,1
collier,1,0
collomosse,1,0
combs,1,0
conde,1,0
cong,1,7
congbo,0,1
conghui,0,2
conglin,0,1
congnan,0,1
congzhi,0,1
conia,1,0
connor,0,2
constantin,0,1
cooper,1,0
coralie,0,1
corbeil,1,0
corman,1,0
corneil,1,0
cornelia,0,1
corona,1,0
corrado,1,0
corro,2,0
corso,1,0
cosmo,0,1
costas,0,1
cotterell,1,0
crabbe,1,0
craig,0,1
crespi,1,0
cristian,0,1
cristiano,0,1
cristina,0,1
cuc,0,1
cuconasu,1,0
cui,19,1
cuiping,0,1
cunha,1,0
cunxiang,0,1
cunxiao,0,1
curtis,0,1
cynthia,0,1
cyuan,0,1
d,1,3
da,0,4
dabre,1,0
dac,0,1
dacheng,0,1
dada,1,0
daehoon,0,1
dagan,1,0
dahua,0,1
dahyun,0,1
dai,18,0
daichi,0,1
daimeng,0,1
daiying,0,1
daizong,0,1
dale,1,0
dalianis,1,0
dalin,0,1
daling,0,1
dallas,0,1
damai,0,1
dambre,1,0
damien,0,1
damith,0,1
damnati,1,0
dan,0,12
dana,0,2
danae,0,1
dane,0,1
dang,3,0
dani,0,1
dania,0,1
daniel,0,21
daniela,0,4
daniele,0,1
danieli,1,0
danielle,0,1
daniil,0,2
danish,0,1
daniswara,1,0
dankers,1,0
danni,0,1
danqi,0,1
danush,0,1
danushka,0,1
dao,0,1
daojing,0,1
daoze,0,1
dapeng,0,1
daphne,0,1
daria,0,2
dario,0,1
darius,0,1
darmawan,1,0
darrell,1,0
darrin,1,0
darsh,0,1
daryna,0,1
daryoush,0,1
das,5,0
dasha,0,1
dashne,0,1
dat,0,1
datta,1,0
davey,1,0
david,0,29
davide,0,1
davis,0,1
dawei,0,4
dayeon,0,1
dayiheng,0,1
dayong,0,1
dayoon,0,1
de,0,4
dean,0,1
deas,1,0
debarshi,0,1
debela,0,1
debing,0,1
debnath,1,0
dechang,0,1
defu,0,1
deguchi,1,0
deilamsalehy,1,0
deitke,1,0
dekai,0,2
del,0,2
delalleau,1,0
delbrouck,1,0
deli,0,1
dell,0,1
delong,0,2
delozier,1,0
demberg,1,0
dementieva,1,0
demet,0,1
demin,0,1
demitri,0,1
deng,22,2
denghui,0,1
deniz,0,1
dennis,1,3
denton,1,0
deokhyung,0,1
deping,0,1
deqing,0,1
derek,0,4
deriu,1,0
dernoncourt,1,0
derry,0,1
derui,0,1
desmond,0,2
destaw,0,1
detyniecki,1,0
deutsch,1,0
dev,1,0
deva,0,1
devaguptapu,1,0
deval,0,1
devilal,0,1
devraj,1,0
devrio,1,0
dexian,0,1
dexter,1,0
dexun,0,1
dey,2,0
deyi,0,1
deyne,1,0
deyu,0,1
dhairya,0,1
dhananjay,0,1
dhar,2,0
dheeraj,0,1
dhingra,1,0
di,3,9
diab,1,0
dian,0,1
diana,1,2
diane,0,1
dianwen,0,1
dianyi,0,1
dianzhi,0,1
diao,3,0
diarmuid,0,1
didi,0,1
diego,0,2
dietrich,0,1
dietze,1,0
diganta,0,1
dikkala,1,0
dilek,0,1
dilip,0,1
dima,1,0
dimitar,0,1
dimitrios,0,1
dimitris,0,1
dimitrov,1,0
dina,0,1
dindar,1,0
dinesh,0,1
ding,31,1
dingdong,0,1
dingjie,0,1
dingkun,0,1
dingling,0,1
dingqi,0,1
dingwen,0,1
dingyi,0,1
dinh,3,2
dini,1,0
dinil,0,1
dirk,0,1
disha,0,1
distilled,0,1
dit,0,1
divakaran,1,0
divya,0,1
divyansh,0,1
divyesh,0,1
diyi,0,2
djanibekov,1,0
djeride,0,1
dmello,1,0
dmitry,0,2
do,5,2
doddapaneni,1,0
doe,0,1
dogan,1,0
dogra,1,0
doh,0,1
dohoon,0,1
dohyun,0,1
dolatabadi,1,0
dolgov,1,0
domenichelli,1,0
dominik,0,1
dominique,0,1
donald,0,1
donatella,0,1
dong,26,5
dongchao,0,1
dongchen,0,1
dongdong,0,1
dongfu,0,1
dongha,0,2
donghai,0,1
donghong,0,1
donghun,0,1
donghyun,0,1
dongil,0,1
dongjin,0,2
dongjun,0,2
donglei,0,1
dongliang,0,1
dongmei,0,1
dongmin,0,1
dongming,0,2
dongping,0,1
dongqi,0,3
dongrui,0,1
dongsheng,0,3
dongsoo,0,1
donguk,0,1
dongwei,0,1
dongwon,0,1
dongxia,0,1
dongyan,0,1
dongyang,0,2
dongyeop,0,1
dongyu,0,2
dongyue,0,1
dosung,0,1
dou,4,1
douglas,1,1
dowling,1,0
doyoun,0,1
dr,0,1
dras,1,0
dredze,1,0
drishti,0,1
dror,1,0
du,37,1
duan,7,0
duanyu,0,1
duc,0,3
dufour,1,0
dujian,0,1
dumas,1,0
dung,0,1
duo,1,0
duong,1,0
duoyi,0,1
durme,1,0
durrett,1,0
durumeric,1,0
dusan,0,1
dusell,1,0
duy,0,3
duygu,0,3
duyu,0,1
duzhen,0,1
dwiastuti,1,0
dwivedi,1,0
dycke,1,0
dyke,0,1
dylan,0,1
dziadzio,1,0
e,2,6
eason,0,1
ebner,1,0
ece,0,1
eckman,1,0
edalat,1,0
eddie,0,1
eden,1,0
eder,1,0
edin,1,0
edman,1,0
edoardo,0,1
eduard,0,1
eduardo,0,2
edward,0,1
ee,0,1
efficient,1,0
egede,1,0
egert,1,0
eghbalzadeh,1,0
egor,1,1
ehinger,1,0
eichin,1,0
eiji,0,1
ekaterina,0,2
ekbal,1,0
ekbote,1,0
ekin,0,1
ekta,0,1
el,0,1
elachqar,1,0
elahi,0,1
elazar,1,0
elbayad,1,0
eldar,0,1
eleanor,0,2
elena,0,2
elganayni,1,0
elgindi,1,0
elgizouli,0,1
elhady,1,0
elham,0,1
elhelo,1,0
eli,0,1
elias,0,1
elisa,0,2
elisabeth,0,1
elizabeth,0,1
ellie,0,2
elliot,0,2
elliott,1,0
elmadany,1,0
emad,0,2
emanuele,0,1
emili,1,0
emilia,0,1
emily,0,5
emine,0,1
emma,0,1
emmanouil,0,3
emmanuel,0,1
emmanuele,0,1
emre,0,2
en,0,4
enamul,0,1
endy,1,0
eneko,0,2
enevoldsen,1,0
enneng,0,1
enomoto,1,0
enrica,0,1
enrique,0,1
ensheng,0,1
enzo,0,1
eran,0,2
ercong,0,1
erfan,0,2
eric,0,5
erik,0,2
ermis,1,0
ermo,0,1
ernests,0,1
ernie,0,1
ernst,1,0
erol,1,0
erxin,0,1
erxue,0,1
eryawan,0,1
eryk,0,1
esam,0,1
esmaeilbeig,1,0
essa,1,0
esteban,0,1
estrella,0,1
ethan,0,1
etori,1,0
etxaniz,1,0
eufrosina,0,1
eugene,0,1
eugenio,1,0
eun,0,1
eunhyeok,0,1
eunki,0,1
eunsang,0,1
eunseong,0,1
eunsol,0,1
eunsu,0,1
eunwon,0,1
eva,1,0
evans,1,1
eve,0,1
evelina,0,1
everlyn,0,1
evgeny,0,1
eylon,0,1
ezinwanne,0,1
ezquerro,1,0
ezzati,1,0
f,0,5
fabian,0,2
fabio,0,2
fabrikant,1,0
fabrizio,0,1
fadaee,1,0
fadel,0,1
fadil,0,1
faeze,0,1
faghri,1,0
fai,0,1
faisal,0,1
fajri,0,1
fakhraddin,0,1
fakhri,0,1
falalu,0,1
falcao,1,0
falk,1,0
faloutsos,1,0
faltings,2,0
fan,21,11
fanchao,0,1
fanci,0,1
fang,25,5
fangcheng,0,1
fanghua,0,1
fangkai,0,2
fanglong,0,1
fangming,0,1
fangru,0,1
fangwei,0,1
fangxun,0,1
fangyuan,0,1
fangzhi,0,1
fangzhou,0,1
fanhang,0,1
fanheng,0,1
fanhu,0,1
faniran,1,0
fanjin,0,1
fanny,0,1
fanqi,0,1
fanshu,0,1
fansi,0,1
fantine,0,1
fanxin,0,1
fanyou,0,1
farah,0,2
farahbakhsh,1,0
farajtabar,1,0
faramarz,0,1
fardin,0,1
farhan,0,1
farhansyah,1,0
farid,0,1
farima,0,1
farnadi,1,0
farrokh,0,1
farshid,0,1
fartash,0,1
faruk,0,1
fatahi,0,1
fatyanosa,1,0
faulborn,1,0
favre,1,0
fayyaz,1,0
fedelucio,0,1
federico,1,3
fedorenko,1,0
fedorova,1,0
fedzechkina,1,0
feger,2,0
feher,1,0
fehr,1,0
fei,5,12
feifan,0,1
feifei,0,2
feihu,0,1
feiliang,0,1
feilong,0,1
feiran,0,1
feiteng,0,1
feiyang,1,0
feiyu,0,1
feiyun,0,1
feizi,1,0
fekete,2,0
fekrazad,1,0
fekri,1,0
feliren,1,0
felix,0,4
feller,1,0
feltman,1,0
fen,0,1
fenal,0,1
feng,42,8
fengjun,0,1
fenglong,0,1
fengnan,0,1
fengran,0,1
fengzhuo,0,1
fenil,0,1
ferber,1,0
ferdinan,1,0
fernandez,1,0
ferrante,1,0
fetahu,1,0
fettes,1,0
field,1,0
figueras,1,0
fikri,0,1
filbert,0,1
filice,1,0
filip,0,1
filippo,0,1
finch,1,0
findeis,1,0
firat,1,0
firmani,1,0
firooz,1,0
fischer,1,0
fisher,2,0
flanagan,1,0
flautner,1,0
fleisig,1,0
fleming,1,0
flemings,1,0
flickinger,1,0
flinker,1,0
flood,0,1
flor,0,1
florencia,0,1
flores,1,0
florian,0,4
florin,0,1
floris,0,1
fnu,0,1
folafunmi,0,1
foltin,1,0
fonseca,1,0
fosse,1,0
foulds,1,0
fourie,1,0
fourney,1,0
fournier,1,0
fourrier,1,0
foutse,0,1
fowler,1,0
fraiberger,1,0
franceschi,1,0
francesco,0,3
francine,0,2
francis,0,2
francisco,0,1
franck,0,1
francois,0,2
frank,2,2
franz,0,1
frauke,0,1
freda,0,1
frederic,0,2
frederick,0,1
frederikus,0,1
frees,1,0
freitag,1,0
frermann,1,0
fresno,1,0
fried,1,0
friedman,1,0
friedrich,2,0
fritz,1,0
fu,18,1
fucci,1,0
fuertes,1,0
fujie,0,1
fujiwara,1,0
fujun,0,1
fuli,0,1
fumeng,0,1
funakoshi,1,0
functions,1,0
fung,3,0
fupeng,0,1
furu,0,1
fusion,1,0
futa,0,1
futing,0,1
fuwei,0,2
fuwen,0,1
fuyu,0,1
fuyuan,0,1
fuzhen,0,1
fuzheng,0,1
g,0,3
gabriel,1,4
gabriele,0,1
gabriella,0,1
gabrielle,0,2
gadanya,1,0
gaetano,0,1
gagan,0,1
gaido,1,0
galassi,1,0
gales,1,0
galim,1,0
galimzianova,1,0
gallagher,1,0
gallinari,1,0
gamallo,1,0
gan,4,0
ganesan,1,0
ganesh,0,1
gang,0,5
gangda,0,1
gangshan,0,1
ganqu,0,1
gao,55,1
gaolei,0,1
gaowen,0,1
gaoxiong,0,1
garcia,2,0
garg,2,0
gargi,0,1
garibay,2,0
garikaparthi,1,0
garimella,1,0
garipov,1,0
gary,0,2
gashteovski,1,0
gatt,1,0
gatto,1,0
gaudeau,1,0
gaurav,0,1
gay,1,0
gayathri,0,1
gaynor,1,0
gaynullin,1,0
ge,7,7
gee,0,1
gefei,0,1
geguang,0,1
geh,2,0
geiger,1,0
geigle,1,0
geislinger,1,0
geliang,0,1
gema,0,1
gemechu,1,0
genadi,1,0
geng,4,1
gengyu,0,1
gengyuan,0,2
gennady,0,1
genta,0,1
geon,0,1
georg,0,2
george,0,2
georgi,0,1
georgiana,0,1
georgios,0,2
gera,1,0
geraldine,0,1
geunyeong,0,1
geva,1,0
geyer,1,0
geyuan,0,1
ghajari,1,0
ghaleb,1,0
ghasemifar,1,0
ghassen,0,1
ghebremichael,1,0
ghela,1,0
ghodrati,1,0
gholami,1,0
gholamreza,0,2
ghosh,7,0
giam,0,1
giancarlo,0,1
giang,0,1
gianluca,0,1
gianmarco,0,1
giglou,1,0
ginn,1,0
giorgos,0,1
giovanni,0,4
gipp,1,0
giryes,1,0
gitelman,1,0
giulia,0,2
giulianelli,1,0
giuliano,0,1
giuseppe,0,2
giwon,0,1
gkoumas,1,0
gladys,0,1
glass,1,0
glavas,1,0
glazkova,1,0
glib,0,1
gloria,0,1
go,1,1
godson,0,1
goetz,1,0
goh,1,0
gohring,1,0
gokhan,0,1
goldfarb,1,0
goldwasser,1,0
goldwater,1,0
golik,1,0
golinski,1,0
golnoosh,0,1
goloburda,1,0
gomez,1,1
gong,9,0
gongfan,0,1
gongque,1,0
gongwei,0,1
gonzalez,0,1
gonzalo,1,2
goo,0,1
goodale,1,0
gopala,0,1
goral,1,0
goran,0,1
gorbov,1,0
gorjan,0,1
gosken,1,0
goto,1,0
gottesman,2,0
gou,2,0
gourav,1,0
govindan,1,0
goyal,1,0
grace,1,0
gracjan,0,1
graff,1,0
graham,0,2
grant,0,1
grari,1,0
grau,1,0
greene,1,0
greer,1,0
greg,0,2
gregor,0,2
gregorio,1,0
gregory,0,1
greschner,1,0
greta,0,1
grieser,1,0
griffin,0,1
grigori,0,1
griot,1,0
grosbard,1,0
groshan,1,0
grupen,1,0
gu,21,0
guan,7,0
guanchen,0,1
guancheng,0,1
guanchu,0,1
guang,0,3
guangcheng,0,1
guangda,0,1
guanghao,0,2
guanghui,0,1
guanglai,0,1
guangluan,0,1
guangnian,0,1
guangtao,0,1
guangya,0,1
guangyan,0,1
guangyao,0,1
guangyuan,0,1
guangyue,0,1
guangzeng,0,1
guangzhen,0,1
guangzhi,0,1
guangzhong,0,1
guanhao,0,1
guanhua,0,2
guanqun,0,1
guanrong,0,1
guanting,0,1
guanzhong,0,1
gubelmann,1,0
guellil,1,0
guerini,1,0
guerra,1,0
guerrero,0,1
gueuwou,1,0
guge,1,0
gui,5,1
guibin,0,1
guibing,0,1
guichao,0,1
guido,0,2
guiguang,0,1
guihai,0,1
guijin,0,1
guilherme,0,1
guilin,0,1
guillou,1,0
guimaraes,1,0
guirong,0,1
guisong,0,1
guixian,0,1
guizhen,0,1
gul,1,0
gulotta,1,0
gung,1,0
gunhee,0,1
gunter,1,0
guo,56,2
guoan,0,1
guobin,0,1
guodong,0,2
guofu,0,1
guoguo,0,1
guohai,0,1
guohao,0,1
guohong,0,1
guohua,0,1
guojie,0,1
guokan,0,1
guoli,0,1
guoliang,0,1
guoming,1,1
guoping,0,1
guoqi,0,1
guoqiang,0,2
guosheng,0,1
guowei,0,1
guoxin,0,1
guoxiu,0,1
guoxuan,0,1
guoyin,0,1
guozheng,0,1
guozhi,0,1
guozhou,0,1
gupta,10,0
gureja,1,0
gurevych,1,0
guru,1,0
gurunath,0,1
gusev,1,0
guthrie,1,0
gutic,1,0
guy,0,1
guzelordu,1,0
gwak,1,0
gwenole,0,1
gyu,0,1
gyutae,0,1
h,0,6
ha,3,0
haaset,0,1
habash,1,0
haber,1,0
hachey,1,0
hadar,1,0
hadas,0,1
haddow,1,0
hadi,1,1
haeju,0,1
haejun,0,1
haemin,0,1
haensch,1,0
haeone,0,1
haesung,0,1
haeun,0,1
haffari,1,0
hagstrom,1,0
hai,1,8
haian,0,1
haibo,0,3
haichao,0,1
haifeng,0,3
haihong,0,2
hailong,0,1
haipeng,0,1
haiqin,0,1
haisheng,0,1
haitao,0,4
haiteng,0,1
haitong,0,1
haiyan,0,2
haiyang,0,6
haiyong,0,1
haiyun,0,2
haizhou,0,1
haj,0,1
hajic,1,0
hajili,1,0
hajishirzi,1,0
hak,0,1
haklay,1,0
hale,1,1
halima,0,1
haller,1,0
hallstrom,1,0
hama,1,0
hamdy,1,0
hamed,0,3
hamid,0,3
hamidreza,0,2
hamish,0,1
hammerl,1,0
hamza,0,1
hamzah,0,1
han,32,17
hanah,0,1
hanan,0,1
hanani,0,1
hanbing,0,1
hanchao,0,1
hanchong,0,1
haneul,0,1
hang,0,7
hanghang,0,1
hanghui,0,1
hangjing,0,1
hangyu,0,2
hani,0,1
hanieh,0,1
hanif,1,1
hanjia,0,1
hanjiang,0,1
hankun,0,1
hanna,1,0
hannah,0,2
hannaneh,0,1
hanning,0,1
hanqi,0,2
hanqing,0,2
hansi,0,1
hansong,0,1
hansu,0,1
hantao,0,1
hanting,0,1
hanwen,0,1
hanxing,0,1
hany,0,1
hanyu,0,3
hao,6,21
haoan,0,1
haobo,0,2
haochao,0,1
haochen,0,3
haocheng,0,1
haochun,0,1
haodong,0,2
haofei,0,1
haofeng,0,1
haohang,0,1
haohao,0,1
haojie,0,2
haojing,0,1
haoke,0,1
haokun,0,3
haolan,0,1
haolei,0,1
haoliang,0,2
haoling,0,1
haolun,0,1
haomiao,0,1
haomin,0,1
haoming,0,1
haon,0,1
haonan,0,1
haoning,0,1
haoqin,0,1
haoran,0,9
haotian,0,4
haoting,0,1
haowen,0,1
haoxiang,0,1
haoxiao,0,1
haoyang,0,5
haoyi,0,2
haoyu,0,4
haoyuan,0,4
haozhe,0,4
haozhen,0,1
happy,0,1
hari,0,1
harish,0,1
haritz,0,1
harksoo,0,1
harman,1,0
haroon,1,0
harrell,1,0
harrison,0,1
harsha,1,0
harshavardhan,0,1
harshit,0,1
hartshorn,1,0
hartshorne,1,0
hartvigsen,1,0
harytskaya,1,0
hasan,2,1
hassaan,0,1
hassan,1,2
hassanpour,1,0
hastuti,1,0
havaldar,1,0
hawau,0,1
hayakawa,1,0
hayashi,2,0
hayley,0,1
he,65,4
healey,1,0
hecker,1,0
hector,0,1
hedderich,1,0
hee,1,1
heejin,0,1
heeseung,0,2
hefeng,0,1
hehuan,0,1
hei,1,0
heidari,1,0
heike,0,1
hein,1,0
hejia,0,1
helan,0,1
helcl,1,0
held,1,0
helen,0,2
helena,0,2
helenowski,1,0
helmut,0,1
heming,0,2
hemptinne,1,0
hendra,0,1
hendrawan,0,1
hendrik,0,1
heng,0,6
hengrui,0,1
hengshu,0,1
hengxin,0,1
hengyi,0,1
hengyuan,0,1
hengzhi,0,1
henrike,0,1
henriksson,2,0
henry,1,2
heo,1,0
hepeng,0,1
herbold,1,0
hercules,0,1
herklotz,1,0
hershcovich,1,0
herun,0,1
hesham,0,1
hess,1,0
hettiarachchi,1,0
heuiseok,0,1
heußer,1,0
hexuan,0,1
heyan,0,1
heyang,0,1
hiba,0,1
hideki,0,2
hidetaka,0,1
hidetoshi,0,1
hieu,0,1
higashiyama,1,0
hilal,0,2
hill,1,0
hinrich,0,1
hintzen,1,0
hiraoka,1,0
hiroaki,0,1
hiroki,0,2
hiroyuki,0,3
hirsch,1,0
hirschberg,1,0
hiuyi,0,1
hiva,0,1
hninn,0,1
ho,1,1
hoang,0,2
hockenmaier,1,0
hoeve,1,0
hoffman,1,0
hofman,1,0
hofmann,2,0
holtermann,1,0
holtzman,1,0
holy,0,1
homaira,0,1
honda,1,0
hong,15,8
hongbin,0,1
hongda,0,1
hongfei,0,2
honggang,0,1
honghai,0,1
honghan,0,1
honghua,0,1
hongjie,0,1
hongjin,0,2
honglak,0,1
hongli,0,3
hongliang,0,3
honglin,0,2
hongling,0,1
hongming,0,1
hongning,0,1
hongqiu,0,1
hongru,0,2
hongsheng,0,1
hongsuck,0,1
hongwei,0,2
hongxia,0,1
hongxin,0,2
hongxu,0,1
hongyan,0,2
hongyang,0,1
hongyi,0,3
hongyin,0,1
hongyu,0,6
hongyuan,0,1
hongzhan,0,1
hongzhi,0,2
hoo,0,1
hooi,1,0
hooker,1,0
hoon,0,1
hoque,1,0
horam,0,1
horvitz,1,0
hossein,0,1
hosseini,1,0
hosseinpour,1,0
hou,10,2
houcheng,0,1
houdaifa,0,1
houfeng,0,1
houghton,1,0
houqiang,0,1
houquan,0,1
hourrane,1,0
houwen,0,1
houxing,0,1
houyi,0,1
hovy,2,0
howard,1,1
hridayesh,0,1
hritik,0,1
hsiang,0,1
hsin,0,1
hsu,4,0
hsueh,1,1
hu,72,3
hua,6,3
huabin,0,1
huachuan,0,1
huadai,0,1
huailiang,0,1
huaiwen,0,1
huaiyu,0,1
huaizhi,0,1
huajian,0,1
huajie,0,1
huajun,0,1
huan,0,3
huang,98,2
huanhuan,0,1
huanjun,0,1
huanran,0,1
huanxuan,0,1
huatong,1,0
huawei,0,1
huawen,0,1
huaxiu,0,1
huayang,0,1
huaye,0,1
huayu,0,2
huazuo,0,1
huber,1,0
huck,0,1
huda,0,1
hudi,1,0
hudson,1,0
hugh,0,1
hugo,0,1
huguet,0,1
hui,3,9
huichi,0,1
huidong,0,1
huifeng,0,1
huihao,0,1
huijia,0,1
huijie,0,1
huijun,0,1
huike,0,1
huiming,0,1
huiping,0,1
huiqi,0,1
huisheng,0,1
huishi,0,1
huishuai,0,1
huixing,0,1
huixuan,0,1
huixue,0,1
huiyi,0,1
huiyuan,0,2
huiyun,0,1
humbel,1,0
hung,1,3
huo,2,0
huot,1,0
hur,1,0
huseynova,1,0
hussein,1,1
huu,0,2
huy,1,0
huynh,0,1
huzama,0,1
huzefa,0,1
huzhang,1,0
hwa,0,2
hwan,0,1
hwang,6,0
hwanhee,0,1
hwanjun,0,1
hwaran,0,1
hwee,0,1
hy,1,1
hyang,0,1
hyangsuk,0,1
hye,0,2
hyein,0,1
hyejeong,0,1
hyejin,0,1
hyemin,0,1
hyeon,0,2
hyeong,0,1
hyeonjeong,0,1
hyeonseok,0,1
hyesung,0,1
hyo,0,1
hyokun,0,1
hyong,0,1
hyounghun,0,1
hyoungshick,0,1
hyuck,0,1
hyuhng,0,1
hyun,0,2
hyundong,0,1
hyung,0,2
hyungjoo,0,2
hyunjun,0,1
hyunjung,0,1
hyunkyung,0,1
hyunsoo,0,1
hyuntak,0,1
hyunwoo,0,1
i,0,2
iacopo,0,1
ian,0,1
ibrahim,0,3
ichihara,1,0
ichim,1,0
idan,0,3
ide,1,0
ido,0,2
idris,0,1
ife,0,1
ifeoluwa,0,1
ifeoma,0,1
ignat,1,0
ignatenko,1,0
ignatev,1,0
ignazio,0,1
igor,0,2
ihsani,1,0
ijeoma,0,1
ik,0,2
ikhlasul,0,1
iklassov,1,0
ikseon,0,1
il,0,1
ilasariya,1,0
ilia,0,1
ilias,0,1
iliyanov,0,1
ilmi,0,1
ilseyar,0,1
ilshat,0,1
ilya,0,1
iman,0,1
imane,0,1
imen,0,1
imperial,1,0
imran,0,1
inaba,1,0
inadumi,1,0
inas,0,1
indira,0,1
indra,0,1
inez,0,1
ingeol,0,1
ingyu,0,1
inn,0,1
inoue,1,0
inui,1,0
ioannidis,1,0
ioannis,0,1
ippolito,1,0
ipsita,0,1
iqra,0,2
irene,0,1
irfan,0,1
irie,1,0
irina,0,2
irtaza,0,1
irtiza,0,1
irune,0,1
irwin,0,1
iryna,0,1
isaac,1,2
isabel,0,2
isabelle,0,1
isar,0,1
isbarov,1,0
isha,0,1
ishan,0,1
ishika,0,1
islakoglu,1,0
islam,2,0
ismail,0,1
isono,1,0
israa,0,1
israel,0,1
israt,0,1
issam,0,1
issei,0,1
isuri,0,1
itai,0,1
italiani,1,0
itamar,0,1
itay,0,1
ittichaiwong,1,0
iuliia,0,1
iuri,0,1
ivan,0,6
ivanov,1,0
ivanova,1,0
ivetta,1,0
ivison,1,0
iwan,0,1
iwasawa,1,0
iyer,1,0
iyyer,1,0
izzanardi,0,1
izzani,1,0
j,0,10
jabez,0,1
jabin,0,1
jach,1,0
jackie,0,1
jackson,0,1
jacob,0,3
jacovi,1,0
jacqueline,0,1
jacy,0,1
jade,0,1
jae,0,2
jaechang,0,1
jaegul,0,1
jaehong,0,1
jaehoon,0,1
jaehyeok,0,1
jaehyung,0,2
jaekyeom,0,1
jaeseok,0,1
jaeseong,0,1
jaesik,0,1
jaesung,0,1
jaewoo,0,2
jaewook,0,1
jafar,0,1
jager,1,0
jahan,1,1
jahanparast,1,0
jahyun,0,1
jain,4,0
jajoo,1,0
jake,0,1
jakob,0,1
jakub,0,3
james,0,14
jan,0,7
jana,1,0
janani,0,1
janeiro,1,0
janet,0,2
jang,8,0
janghan,0,1
janki,0,1
jann,0,1
jannik,0,1
jannis,0,1
janssens,1,0
japesh,1,0
jardine,1,0
jaroslawicz,1,0
jarrar,1,0
jarraya,1,0
jasinskaja,1,0
jasmijn,0,1
jason,0,10
jaume,0,1
jauza,0,1
javad,0,1
javaji,1,0
javier,0,2
javorsky,1,0
jay,0,2
jayasimha,0,1
jean,0,5
jee,0,1
jeff,0,1
jeffrey,0,3
jen,0,1
jenalea,0,1
jenna,0,1
jenni,1,0
jennifer,0,3
jennings,1,0
jenny,0,1
jenq,0,1
jens,0,1
jeon,5,0
jeong,3,0
jeonghun,0,1
jeonghwan,0,1
jeongin,0,1
jerad,1,0
jeremiah,0,1
jeremy,0,2
jerico,0,1
jerry,0,1
jessica,0,2
jesujoba,0,1
jeung,1,0
jey,0,1
jhumka,1,0
ji,18,2
jia,13,8
jiaan,0,1
jiabei,0,1
jiabo,0,1
jiacheng,0,2
jiafeng,0,2
jiahan,0,1
jiahao,0,5
jiahe,0,2
jiaheng,0,1
jiahong,0,1
jiahua,0,1
jiahuan,0,2
jiahui,0,6
jiajie,0,3
jiajun,0,4
jiakai,0,1
jiakang,0,1
jiakuan,0,1
jiale,0,4
jialei,0,1
jiali,0,1
jialian,0,1
jialing,0,1
jialong,0,3
jialun,0,1
jiamei,0,1
jiameng,0,1
jiamin,0,1
jiaming,0,2
jiamou,0,1
jian,1,16
jianan,0,1
jianbin,0,1
jianbing,0,1
jianbo,0,2
jiancan,0,1
jiancheng,0,1
jianchun,0,1
jianfei,1,1
jianfeng,0,2
jiang,69,9
jianghan,0,1
jianghao,0,1
jiangjie,0,1
jiangnan,0,1
jiangtong,0,1
jianguo,0,1
jiangyang,0,1
jianhao,0,3
jianheng,0,2
jianhua,0,1
jianing,0,3
jianjie,0,1
jianjun,0,1
jiankai,0,1
jianke,0,1
jianliang,0,1
jianlin,0,1
jianlong,0,2
jianlyu,0,1
jianmin,0,1
jianming,0,1
jiannan,0,2
jianpeng,0,1
jianping,0,1
jianqiao,0,1
jianqing,0,1
jianshu,0,1
jiantao,1,0
jianwei,0,1
jianxi,0,1
jianxiang,0,1
jianxin,0,2
jianxing,0,4
jianxun,0,1
jianye,0,1
jianyi,0,1
jianyong,0,1
jianyu,0,1
jianzhe,0,1
jianzhu,0,1
jianzong,0,1
jiao,6,1
jiaoda,0,1
jiaoyan,0,1
jiaoyun,0,1
jiapeng,0,2
jiaqi,0,6
jiaqian,0,1
jiaqing,0,2
jiarong,0,2
jiarui,0,3
jiasheng,0,1
jiashi,0,1
jiashu,0,1
jiashuai,0,1
jiashuo,0,1
jiatao,0,1
jiateng,0,1
jiatian,0,1
jiawang,0,1
jiawei,0,12
jiawen,0,2
jiaxin,0,9
jiaxing,0,3
jiaxu,0,1
jiaxuan,0,2
jiaxue,0,1
jiayan,0,1
jiayi,0,7
jiaying,0,3
jiayu,0,4
jiayuan,0,3
jiayun,0,1
jiazhen,0,1
jiazheng,0,3
jidong,0,1
jie,0,15
jiebin,0,1
jiebo,0,1
jiecao,0,1
jiecheng,0,1
jiefeng,0,1
jielong,0,1
jieming,0,1
jieping,0,1
jiesong,0,1
jieun,0,1
jiexin,0,1
jieyu,0,1
jifan,0,2
jifang,0,1
jiguang,0,1
jihao,0,1
jiheum,0,1
jihoo,0,1
jihoon,0,1
jihyoung,0,1
jihyung,0,1
jiliang,0,1
jillian,0,1
jimeng,0,1
jimin,0,1
jimmy,0,2
jimson,0,1
jin,34,6
jinan,0,1
jinbao,0,1
jincenzi,0,1
jinchang,0,1
jinchao,0,1
jincheng,0,1
jinchuan,0,1
jindal,1,0
jindong,0,2
jindrich,0,2
jinfeng,0,2
jing,6,15
jingang,0,1
jingbo,0,3
jingcheng,0,1
jingchi,0,1
jingfan,0,1
jinggui,0,1
jinghan,0,5
jinghang,0,1
jinghao,0,1
jingheng,0,1
jinghui,0,2
jingjie,0,1
jingjing,0,3
jingkai,0,1
jingkang,0,1
jingkuan,0,1
jingkun,0,1
jingli,0,1
jinglong,0,2
jinglu,0,1
jingping,0,1
jingqian,0,1
jingqun,0,1
jingran,0,1
jingren,0,1
jingru,0,1
jingrui,0,1
jingshu,0,1
jingwei,0,2
jingwen,0,2
jingxian,0,1
jingxuan,0,3
jingyang,0,3
jingyao,0,2
jingyi,0,2
jingying,0,1
jingyu,0,4
jingyuan,0,3
jingyun,0,2
jinhao,0,1
jinhe,0,1
jinhee,0,1
jinheng,0,1
jinheon,0,1
jinho,0,1
jinhua,0,2
jinlan,0,1
jinman,0,1
jinnai,1,0
jinpeng,0,3
jinping,0,1
jinqiang,0,1
jinqiao,0,1
jinseok,0,1
jinsheng,0,1
jinsong,0,3
jinsung,0,1
jintao,0,3
jinu,0,1
jinwoo,0,1
jinwook,0,1
jinxiang,0,1
jinxiong,0,1
jinyang,0,4
jinyeong,0,1
jinyi,0,3
jinyoung,0,1
jinyu,0,2
jinyuan,0,2
jinze,0,1
jinzhe,0,1
jinzheng,0,1
jionglong,0,1
jiongnan,0,1
jipeng,0,1
jiralerspong,1,0
jirong,0,1
jisoo,0,2
jisun,0,1
jiudong,0,1
jiuheng,0,1
jiuxiang,0,1
jiuxin,0,1
jiwan,0,1
jiwei,0,1
jiwoo,0,1
jixun,0,1
jiyan,0,1
jiyoung,0,1
jiyu,0,1
jiyuan,0,1
jize,0,1
jizhan,0,1
jizhao,0,1
jizheng,0,1
jo,2,0
joakim,0,1
joao,0,2
jochen,0,1
joe,0,1
joel,0,1
joey,0,1
johann,0,1
johannes,0,3
john,0,8
jonah,0,1
jonas,0,3
jonathan,0,10
jong,0,1
jongho,0,1
jonghwi,0,1
jonghyun,0,1
jongwook,0,3
jongwuk,0,1
joni,0,1
jonibek,0,1
joo,0,2
joohyung,0,2
joon,0,3
joona,0,1
joongbo,0,1
joonsuk,0,1
joowon,0,1
jordan,0,4
jorg,0,1
jorge,0,2
jose,0,1
josef,0,2
joseph,0,7
joshi,2,0
joshua,0,2
jostin,0,1
joty,1,0
jou,0,1
jourdan,2,0
jousia,0,1
joy,0,1
joykirat,0,1
jr,1,0
ju,3,3
juan,0,6
juanxi,0,1
juanzi,0,1
jude,0,1
judith,0,1
jue,0,2
jueqing,0,1
juesi,0,1
juhao,0,1
juhee,0,1
juhwan,0,1
julen,0,1
julia,0,5
julian,0,2
julio,0,2
jun,1,19
junbo,0,2
juncai,0,1
juncheng,0,1
junchi,0,1
junda,0,2
junde,0,1
jundong,0,1
june,0,1
junfeng,0,6
jung,3,3
junge,0,1
jungong,0,1
jungseob,0,1
jungseul,0,1
jungsoo,0,1
jungup,0,1
jungwoo,0,1
junhao,0,4
junho,0,1
junhong,0,2
junhui,0,1
junhyeok,0,1
junhyeong,0,1
junichi,0,1
junior,0,1
junjia,0,1
junjie,0,9
junjun,0,1
junkai,0,1
junlin,0,1
junmin,0,1
junmo,0,1
junnan,0,1
junqi,0,3
junqing,0,1
junru,0,1
junsan,0,1
junseo,0,2
junsik,0,1
juntai,0,1
juntao,0,1
juntian,0,1
junting,0,3
junwoo,0,2
junxian,0,1
junxiao,0,2
junxuan,0,1
junyan,0,1
junyang,0,1
junyao,0,1
junyeong,0,1
junyi,0,2
junying,0,1
junyu,0,2
junyuan,0,1
junzhe,0,3
junzhuo,0,1
jurafsky,1,0
jurayj,1,0
jure,0,1
jurgen,0,1
jurgens,1,0
juri,0,1
justin,0,3
juyong,0,1
juyoung,0,1
jyothi,1,0
jyun,0,1
k,0,7
ka,0,1
kabde,1,0
kabenamualu,1,0
kabongo,0,1
kaczer,1,0
kadaoui,1,0
kadek,0,1
kafer,1,0
kafle,1,0
kagrecha,1,0
kai,1,20
kaibo,0,1
kaicheng,0,1
kaidi,0,1
kaifu,0,1
kaige,0,1
kaihao,0,1
kaihuo,0,1
kaijian,0,1
kaikai,0,1
kailai,0,1
kaile,0,1
kaili,0,1
kaipeng,0,1
kaiqi,0,1
kaiqing,0,1
kaisen,0,1
kaishuai,0,1
kaito,0,1
kaiwei,0,1
kaiwen,0,1
kaixin,0,4
kaixiong,0,1
kaiyan,0,1
kaiyang,0,1
kaiyue,0,1
kajikawa,1,0
kalipe,1,0
kallepalli,1,0
kallmeyer,1,0
kalo,1,0
kalvin,0,1
kalyan,2,0
kam,0,1
kamal,3,1
kamalika,0,1
kamigaito,1,0
kampman,1,0
kan,1,1
kanade,1,0
kaneko,1,0
kang,22,2
kangcheng,0,1
kangil,0,1
kangshao,0,1
kangwook,0,1
kangyang,0,1
kangyi,0,1
kankan,0,1
kankanhalli,1,0
kant,1,0
kanyakorn,0,1
kanzhi,0,1
kao,2,1
kapanipathi,1,0
karadzhov,1,0
karageorgos,1,0
karami,1,0
karamolegkou,1,0
kardos,1,0
kargupta,1,0
karima,0,1
karimireddy,1,0
karin,0,1
karissa,0,1
karlinska,1,0
karlinsky,1,0
karlsson,1,0
karmakar,1,0
karmaker,1,0
karnin,1,0
karpinska,1,0
karray,2,0
karthik,0,2
karthika,1,0
karthikeyan,0,1
karypis,1,0
kashfi,1,0
kasu,1,0
katarina,0,1
katarzyna,0,1
kate,0,2
katerina,0,1
katharina,0,2
katharine,0,1
kathleen,0,1
katia,0,1
katja,0,1
katrin,0,1
katsuhiko,0,1
katsushi,0,1
katsuya,0,1
katz,1,0
kaung,0,1
kaur,2,0
kaushal,1,0
kaushik,1,0
kaustubh,0,1
kavsar,0,1
kavumba,1,0
kawaguchi,1,0
kawamura,1,0
kay,0,1
kayode,0,1
kazemi,1,0
kazuhiro,0,1
kazuhito,0,1
kazuki,0,1
ke,1,12
keane,0,1
kebede,0,1
kechi,0,1
kede,0,1
kedia,1,0
keerthiram,0,1
kehai,0,1
kehan,0,1
kehua,0,1
keiko,0,1
keira,0,1
keisuke,0,1
keivan,0,1
kejian,0,1
kejing,0,1
keleg,1,0
keller,1,0
kelly,0,1
kelong,0,1
kelvin,0,1
kembhavi,1,0
keming,0,1
kemp,1,0
ken,0,3
kenbayeva,1,0
kendapadi,1,0
kenji,0,2
kenneth,0,2
kenny,0,1
kentaro,0,1
kenton,0,1
keping,0,1
keqi,0,2
keqin,0,1
kerdthaisong,1,0
kerem,0,1
kern,1,0
kerrie,0,1
kerry,1,0
kersting,1,0
kerui,0,1
keting,0,1
keuper,1,0
keutzer,1,0
kevin,1,5
kewei,0,2
kewyar,0,1
kexin,0,3
kexun,0,1
keyan,0,2
keyang,0,1
keyu,0,1
kezhi,0,1
khalid,1,1
khalifa,1,0
khan,2,0
khang,0,1
khanh,0,2
khanna,1,0
khapra,1,0
kharisov,1,0
khashabi,1,0
khayal,1,0
khine,1,0
khirwadkar,1,0
khosla,1,0
khushbu,0,1
ki,1,1
kikteva,1,0
kim,74,0
kimin,0,1
kin,0,1
kinara,1,0
kinder,1,0
king,1,1
kinjal,0,1
kinney,1,0
kiong,0,1
kira,0,1
kirchhof,1,0
kirchhoff,1,0
kiril,0,1
kishan,0,1
kishino,1,0
kit,1,0
kiyoharu,0,1
kjell,1,0
klakow,1,0
kleesiek,1,0
klein,2,1
kleiner,1,0
kliegl,1,0
klim,0,1
klimaszewski,1,0
klinger,1,0
klisura,1,0
ko,3,0
kochkina,1,0
kochmar,1,0
kodeswaran,1,0
kodner,1,0
koenecke,1,0
koffi,0,1
kofi,0,1
koh,1,0
kohei,0,1
koichiro,0,1
koishida,1,0
koji,0,1
kojima,1,0
koki,0,1
koksal,1,0
kolesnikova,1,0
kollias,1,0
komachi,1,0
komulainen,1,0
kong,10,0
konovalov,1,0
konstantinos,0,1
koo,3,0
koopman,1,0
kopal,1,0
korakakis,1,0
korhonen,1,0
korshunov,1,0
kostkan,1,0
koszowski,1,0
kotaro,0,1
kothapalli,1,0
koto,1,0
kou,1,1
koubaa,1,0
koukoumidis,1,0
kounianhua,0,1
koupaee,1,0
kourosh,0,1
kovalev,1,0
kowsher,1,0
koyama,1,0
koyejo,1,0
koyel,0,1
kozhevnikov,1,0
kołos,1,0
kral,1,0
krasner,1,0
kravets,1,0
krayko,1,0
kreangphet,1,0
kreisberg,0,1
kreuter,1,0
krish,0,1
krishna,1,1
krishnakant,0,1
krishnamurthy,1,0
krishnaswamy,1,0
krisna,0,1
krista,0,1
kristian,0,2
kristina,0,2
kristoffer,0,1
krisztian,0,1
kritim,0,1
krito,1,0
kropko,1,0
kruengkrai,1,0
krumdick,1,0
krylova,1,0
ku,3,0
kuan,0,3
kuang,5,1
kuchaiev,1,0
kuderov,1,0
kui,0,1
kuicai,0,1
kuiyi,0,1
kuleen,0,1
kumar,9,7
kumiko,0,1
kummerfeld,1,0
kun,0,11
kunat,0,1
kunchukuttan,1,0
kundu,1,0
kunihiro,0,1
kunlun,0,2
kunpeng,0,1
kunxi,0,1
kunyu,0,1
kuofeng,0,1
kuratov,1,0
kuribayashi,1,0
kurohashi,1,0
kurt,0,1
kurtic,1,0
kurtz,1,0
kusa,1,0
kushal,0,1
kusumawardhana,1,0
kuznetsov,1,0
kveton,1,0
kwak,2,0
kwangwook,0,1
kwok,1,0
kwon,8,0
kyeonghyun,0,1
kyohoon,0,1
kyomin,0,1
kyriakos,0,1
kytoniemi,1,0
kyu,0,1
kyubeen,0,1
kyung,0,2
l,0,5
la,0,2
laban,1,0
labatut,1,0
labruna,1,0
lachenmaier,1,0
lacroix,1,0
ladhak,1,0
lai,12,1
laippala,1,0
laiyk,1,0
lakretz,1,0
lalit,0,1
lam,2,3
lambebo,0,1
lambert,1,0
lan,4,4
lane,1,0
lang,0,2
lange,1,0
langis,1,0
langlotz,1,0
lanqing,0,1
lanuzo,1,0
lanxiang,0,1
lanxue,0,1
lapata,1,0
lapesa,1,0
lars,0,1
larsen,0,1
larson,1,0
lasitha,0,1
lastrucci,1,0
late,0,1
lau,3,0
laugel,1,0
laura,0,2
laurie,0,1
laurinavichyute,1,0
lauscher,1,0
lausen,1,0
lavrinovics,1,0
lawan,1,0
lawrence,2,2
layacan,1,0
le,6,8
lea,0,1
lead,1,0
lean,0,1
leane,0,1
lechen,0,1
lecheng,0,1
lecorve,1,0
lee,69,1
lefei,0,1
lei,11,14
leilei,0,1
leire,0,1
lekang,0,1
lekhak,1,0
lena,0,1
leng,3,0
leonard,0,1
leonardo,0,3
leong,2,1
leonid,0,2
lepri,1,0
leqi,0,2
lertvittayakumjorn,1,0
lesci,1,0
leshem,0,1
leshu,0,1
leskovec,1,0
letian,0,1
leung,1,0
levine,1,0
levy,1,0
lewei,0,1
lewis,2,0
lexington,0,1
leyang,0,1
leyi,0,1
li,288,14
liakata,1,0
lian,3,3
liancheng,0,1
liane,0,1
liang,32,12
liangbin,0,1
liangcai,0,1
lianghao,0,1
liangtai,0,1
liangyou,0,1
liangyue,0,1
lianli,0,1
lianwen,0,1
liao,16,0
liartis,1,0
libbrecht,1,0
libo,0,1
libovicky,1,0
lichang,0,1
lichao,0,1
licheng,0,1
lichun,0,1
lida,0,1
lidia,0,1
lidong,0,1
lifeng,0,1
lifu,0,1
ligeng,0,1
lihao,0,1
liheng,0,1
lijie,0,1
lijun,0,1
lila,0,1
lilach,0,1
lillian,0,1
lim,5,0
limeng,0,1
liming,0,2
limkonchotiwat,1,0
lin,63,11
linbo,0,3
lindia,0,1
linfan,0,1
linfeng,0,2
ling,2,7
lingbing,0,1
lingbo,0,1
lingfang,0,1
lingfei,0,1
lingfeng,0,2
lingjia,0,1
lingling,0,1
lingpeng,0,1
lingran,0,1
lingrui,0,1
linguistsmarcell,0,1
lingwei,0,2
lingxiao,0,3
lingxun,0,1
lingyong,0,1
linh,0,1
linhai,0,1
linhao,0,1
linjie,0,1
linjuan,0,1
linli,0,1
linlin,0,3
linmei,0,1
lintao,0,1
lintian,0,1
linxi,0,1
linyang,0,1
linyao,0,1
linyi,0,1
linying,0,1
linzen,1,0
linzheng,0,1
linzhuang,0,1
lioma,1,0
lior,0,2
liping,0,1
lipka,1,0
lipovetzky,1,0
liqi,0,1
liqiang,0,1
liqun,0,1
liran,0,1
lirong,0,1
lisa,0,1
lischinski,1,0
lisen,0,1
lisi,0,1
lison,1,0
list,1,0
litman,1,0
litterer,1,0
liu,232,3
liusheng,0,1
liuyihan,0,1
liwei,0,2
lixian,0,1
lixin,0,1
lixing,0,1
liyang,0,1
liyuan,0,1
lizaveta,0,1
lizhe,0,1
lizhen,0,1
lizhi,0,1
lizhuang,0,1
lizi,0,1
llama,0,1
lluis,0,1
lo,1,0
lobacheva,1,0
lobo,0,1
loginova,1,0
loguinova,1,0
loic,0,2
lolwethu,0,1
lommel,1,0
long,7,6
longfei,0,1
longguang,0,1
longhui,0,1
longpre,1,0
longshuai,0,1
longyin,0,1
longyue,0,1
longze,0,1
lopes,1,0
lopez,1,1
lopukhina,1,0
lorena,0,1
lorenc,1,0
lorenzo,0,4
loss,0,1
lotz,1,0
lou,4,1
louis,0,1
louise,0,1
lovekesh,0,1
lovenia,1,0
lovering,1,0
lovisa,0,1
lu,41,6
luan,1,0
luby,1,0
luc,0,1
luca,0,6
lucas,0,3
luccioni,1,0
lucia,0,2
luciano,0,1
lucio,0,1
lucky,0,1
luft,1,0
luhao,0,1
luis,0,1
luisa,0,1
luka,0,1
lukas,0,4
lukasik,1,0
luke,0,1
lulu,0,1
lum,1,0
lun,0,1
luning,0,1
luo,39,0
luohe,1,0
luong,1,0
luping,0,1
luqi,0,1
luss,1,0
luthi,1,0
luu,1,0
luyao,0,1
lv,13,0
lvxiaowei,0,1
lyashevskaya,1,0
lyle,0,1
lynn,0,1
lyu,12,0
m,0,10
ma,54,2
maaløe,1,0
maarten,0,1
maartje,0,1
macdonald,1,0
machrouh,1,0
maciej,0,1
macko,1,0
macocco,1,0
madabushi,1,0
maddison,1,0
madusanka,1,0
magdalena,0,1
magdy,2,0
maggie,0,1
magomere,1,0
maha,0,1
mahammad,0,1
mahani,0,1
maharaj,2,0
mahardika,0,1
maharjan,1,0
mahashweta,0,1
mahdieh,0,1
mahendra,1,0
maheshwari,1,0
maheshwary,1,0
maheswaran,1,0
mahir,0,1
mahmoud,0,1
mahmud,0,1
mahnaz,0,1
mahon,1,0
mahoney,1,0
maistro,1,0
maiya,1,1
majid,0,1
makarova,1,0
makhija,1,0
makoto,0,2
maksim,0,2
malfa,1,0
malhotra,1,0
malihe,0,1
malik,1,0
malin,1,0
malkin,1,0
mallick,1,0
malmasi,1,0
malon,1,0
malvina,0,1
mamie,1,0
mammad,0,1
mamoru,0,1
man,1,2
mana,0,1
manabu,0,1
manaiev,1,0
manakul,1,0
manan,0,1
manasi,0,1
maneesh,0,1
mangalik,1,0
manina,1,0
manish,0,3
manocha,1,0
mansour,1,0
mansurov,1,0
manuel,0,3
manuela,0,1
mao,13,0
maochuan,0,1
maolin,0,1
maoliniyazi,1,0
maor,0,1
maosong,0,1
maowen,0,1
mapikitla,1,0
marani,1,0
marc,0,2
marcel,1,0
marcell,0,1
marcello,0,1
marchisio,1,0
marcin,0,1
marcincinova,1,0
marco,0,10
marcos,0,2
marcus,0,1
mardhiyah,0,1
margatina,1,0
margret,0,1
maria,0,9
marianna,0,1
marie,0,1
mariia,0,1
mariko,0,1
marina,1,0
marine,0,1
mario,0,2
marivate,1,0
marjanovic,1,0
mark,0,8
markus,0,3
marquer,1,0
marr,1,0
mars,1,0
marta,0,3
martha,0,1
martin,0,4
martinelli,1,0
martinez,1,1
marton,0,1
marvin,0,1
marwa,0,1
marzena,0,1
marzieh,0,1
masafumi,0,2
masao,0,1
masato,0,1
masha,0,1
masoud,0,1
massimiliano,0,1
massimo,0,1
mastromichalakis,1,0
masud,0,1
matej,0,1
mateusz,0,1
mathieu,0,2
mathur,1,0
mats,0,1
matsuda,1,0
matsumoto,1,0
matsuo,1,0
matt,0,1
matteo,0,2
matthias,0,4
mattis,0,1
matus,0,1
maulana,0,1
maung,1,0
mavromatis,1,0
max,0,2
maxim,0,1
maxime,0,2
maxwell,0,1
may,1,1
maya,0,1
mayan,1,0
mayi,0,1
mayumi,0,1
maziar,0,1
mcauley,1,0
mcduff,1,0
mckeown,1,0
mckhann,1,0
md,1,3
medya,1,0
mee,0,1
megan,0,1
megh,0,1
mehar,0,1
mehmet,0,1
mehran,0,1
mehrdad,0,1
mehryary,1,0
mehta,4,0
mei,4,1
meicong,0,1
meidan,0,1
meiling,0,1
meiri,1,0
meishan,0,1
meister,1,0
meisyarah,0,1
meiziniu,0,1
mekki,1,0
meliha,0,1
melnyk,1,0
memory,0,1
men,2,1
menchaca,0,1
mendelsohn,1,0
meng,17,9
mengaldo,1,0
mengda,0,1
mengdi,0,1
mengersen,1,0
menghai,0,1
mengjia,0,1
mengjie,0,1
mengkang,0,1
mengliang,0,1
mengling,0,1
menglong,0,2
mengru,0,1
mengshu,0,1
mengwei,0,2
mengxia,0,1
mengxiao,0,1
mengya,0,1
mengyu,0,1
mengyue,0,1
mengze,0,1
mengzhao,0,1
menis,0,1
menolascina,1,0
menon,1,0
mensah,1,0
merane,1,0
mercy,0,1
meriem,0,1
merrill,1,0
mesarcik,1,0
mesgarani,1,0
metropolitansky,1,0
meunier,1,0
mi,3,0
miao,7,5
miaoxuan,0,1
miaschi,1,0
micha,0,1
michael,0,23
michaelov,1,0
michal,0,1
michalis,0,2
michel,0,1
michelle,0,2
michimasa,0,1
mieszko,0,1
miguel,0,1
mihalcea,1,0
mika,0,1
mikaela,0,1
mike,0,2
mikel,0,1
mikhail,0,3
mikhailov,1,0
mikko,0,1
mikołaj,0,2
milan,0,2
miles,0,1
miletic,1,0
min,7,10
minbin,0,1
minbyul,0,1
minervini,1,0
minfeng,0,1
ming,3,19
mingan,0,1
mingda,0,1
mingfei,0,1
mingfu,0,1
minghao,0,3
minghua,0,1
minghui,0,4
mingjie,0,1
mingkuan,0,1
mingmeng,0,1
mingqi,0,2
mingqian,0,1
mingqing,0,1
mingrui,0,1
mingsheng,0,1
mingshuai,0,1
mingxiao,0,1
mingxuan,0,2
mingyan,0,2
mingyang,0,5
mingye,0,1
mingyu,0,6
mingyue,0,1
mingze,0,2
mingzhe,0,2
mingzhi,0,1
minh,0,4
minhao,0,2
minhyeon,0,1
minixhofer,1,0
minjae,0,1
minjeong,0,1
minji,0,1
minjia,0,1
minjin,0,2
minju,0,1
minjun,0,3
minkyeong,0,1
minkyu,0,1
minlie,0,1
minnan,0,1
minpeng,0,1
minrui,0,1
minsang,0,1
minseok,0,1
minsub,0,1
minwei,0,1
minwoo,0,2
minwook,0,1
minyi,0,1
minyoung,0,1
minzhi,0,1
mira,1,0
mirella,0,1
miriam,0,1
mirko,0,1
mirzadeh,1,0
misha,0,1
mishra,1,0
misra,1,0
mita,1,0
mitchell,1,0
mitesh,0,1
mithil,0,1
mitkov,1,0
mitra,1,0
miwa,1,0
miyai,1,0
miyao,1,0
miyazaki,1,0
miyu,0,1
mmasibidi,0,1
mo,1,2
mobius,1,0
modarressi,1,0
modzelewski,1,0
moens,1,0
moghe,1,0
mohamed,3,4
mohammad,1,6
mohammadreza,0,1
mohammadtaha,0,1
mohammadzadeh,2,0
mohammed,0,5
mohan,0,1
mohapatra,1,0
mohbat,1,0
mohd,0,1
mohit,0,3
mohsen,0,1
moiloa,1,0
moin,0,1
mojtaba,0,1
mok,3,0
moll,1,0
momose,0,1
mon,0,1
mona,0,1
monderin,1,0
mondorf,1,0
mondshine,1,0
monea,1,0
mong,0,1
monica,0,1
monishwaran,0,1
moniz,1,0
montalan,1,0
monteiro,0,1
montoro,0,1
mooho,0,1
moon,3,0
moontae,0,1
moore,1,1
moosavi,1,0
mor,0,1
morad,1,0
morales,0,1
moran,0,2
moreno,1,0
morgan,1,0
moriceau,1,0
morimura,1,0
moro,2,0
morozov,1,0
morrissey,1,0
mortensen,2,0
mosen,0,1
moshood,0,1
moskvoretskii,1,0
mostofa,0,1
mou,1,1
moubayed,1,0
mouchel,1,0
moule,0,1
mouratidis,1,0
mousavi,1,0
moxin,0,1
mozannar,1,0
mrinmaya,0,1
mu,4,0
mudan,0,1
mueller,1,0
muge,0,1
mughal,1,0
muhammad,1,9
muhammed,0,1
muhao,0,1
muhie,0,1
mukai,0,1
mukhammed,0,1
mukherjee,2,0
mukhituly,1,0
mukhtar,0,1
mukiibi,1,0
mullan,1,0
muller,1,0
munachiso,0,1
munch,1,0
muneer,1,0
munigala,1,0
munir,1,0
munoz,0,1
muppidi,1,0
murali,1,1
murayama,1,0
murja,0,1
murphy,1,0
murray,2,0
murugesan,1,0
musa,0,1
mustafa,0,2
muxi,0,1
muyun,0,1
mykola,0,1
myra,0,1
myrzakhan,1,0
mysore,1,0
myungjin,0,1
mæhlum,1,0
n,0,5
na,1,2
naba,0,1
nabi,1,0
nadav,0,1
nadine,0,1
nafea,1,0
nafise,0,1
nag,1,0
nagar,1,0
nagata,1,0
nagendra,0,1
nagireddy,1,0
nagpal,1,0
nahom,0,1
naibin,0,1
naik,1,0
naim,0,1
naitian,0,1
nakadai,1,0
nakatsuji,1,0
nakayama,1,0
nakov,1,0
nam,0,3
naman,0,1
nambi,1,0
namgi,0,1
namyong,0,1
nan,1,10
nancy,0,1
nankai,0,1
nanni,1,0
nanomi,0,1
nanqing,0,1
nanshu,0,1
nanyun,0,1
naoki,0,1
naome,0,1
naomi,0,2
naparstek,1,0
narasimhan,2,0
narayanan,0,1
narducci,1,0
narichika,0,1
naseem,1,0
nasution,1,0
natalia,0,1
natalie,0,1
nate,0,1
natesan,0,1
nath,3,0
nathan,0,1
nathanael,0,2
nathaniel,0,2
navigli,1,0
nawale,1,0
nay,1,1
nayak,1,0
nayeli,0,1
nayem,0,1
nayeon,0,1
nayu,0,1
nazir,0,1
ndiaye,1,0
ndolela,1,0
neculae,1,0
nedim,0,1
nedjma,0,1
neele,0,1
negri,1,0
neha,0,1
nejadgholi,1,0
nekoto,1,0
nelson,1,0
nenadic,1,0
neng,0,2
nenghai,0,1
neplenbroek,1,0
nesreen,0,1
neubig,1,0
neville,0,1
nevmyvaka,1,0
ng,6,0
ngan,1,0
ngo,0,1
ngoc,0,3
ngui,1,0
nguyen,14,4
nhut,0,1
ni,7,0
nian,0,1
nianqi,0,1
nicholas,0,7
nick,0,2
nicola,0,1
nicolas,1,1
nicole,0,2
nicolson,1,0
nie,5,0
niehues,1,0
nielbo,1,0
niess,1,0
nieto,1,0
nigam,1,0
nigel,0,1
nikhil,0,2
nikhita,0,1
nikishina,1,0
nikita,0,2
niklaus,1,0
niko,0,1
nikolaidis,1,0
nikolaos,0,2
nikolay,0,4
nilesh,0,1
niloofar,0,1
nils,0,1
nima,0,2
nimo,1,0
nina,0,1
ning,2,5
ningyu,0,1
ningyuan,0,1
nir,0,2
niranjan,0,1
nirmal,0,1
nishan,0,1
nishant,0,1
nishanth,0,1
nishat,0,1
nishida,1,0
nissim,1,0
nitay,0,1
nitesh,0,1
nitzav,1,0
niu,9,0
nixon,1,0
niyati,0,2
nizar,0,1
nkiruka,0,1
noah,0,2
nobuhiro,0,1
noe,0,1
noel,0,1
noha,0,1
nohejl,1,0
noia,1,0
nombuyiselo,0,1
nomoto,1,0
noor,0,1
noriki,0,1
not,0,2
noura,0,1
nourbakhsh,1,0
nouri,1,0
nourollah,1,0
nowak,1,0
nung,0,1
nuno,0,2
nuo,0,1
nur,0,1
nurdaulet,0,1
nuria,0,1
nurkhan,0,1
nushi,1,0
nusrat,0,1
nwadike,1,0
nyamewaa,0,1
o,0,3
oak,1,0
oana,0,2
oba,1,0
ocansey,1,0
occhipinti,1,0
odellia,0,1
odeya,0,1
odu,1,0
odumakinde,1,0
oepen,1,0
ogezi,1,0
oguz,1,0
oh,6,1
ohams,1,0
oi,1,0
oikantik,0,1
oishi,1,0
oisin,0,1
ojasv,0,1
ojo,1,0
ok,1,0
oka,1,0
okabe,1,0
okoh,1,0
oksana,0,1
okumura,1,0
olaleye,1,0
olamide,0,1
olatunji,1,0
oleg,0,1
oleksii,0,1
olga,0,4
olivier,0,1
olmez,1,0
olszewska,1,0
oluwadara,0,1
omar,0,2
omeke,1,0
omer,0,2
omkar,0,1
omofoye,1,0
ondrej,0,1
ong,1,0
onno,0,1
oo,1,0
opitz,1,0
orasan,1,0
orel,1,0
orfeas,0,1
orgad,1,0
orhan,0,1
ori,0,2
orion,0,1
orlikowski,1,0
orna,0,1
ortal,0,1
ortega,0,1
osaki,1,0
oscar,0,2
osei,1,0
oseki,1,0
oshri,0,1
oskar,0,1
osman,0,1
osmanpour,1,0
ostmeier,1,0
otomo,1,0
ouchi,1,0
oumaima,0,1
oumar,0,1
ounnoughene,1,0
ousidhoum,1,0
oussama,0,1
ouyang,12,0
owen,0,1
owens,1,0
owodunni,1,0
oyama,1,0
oyamada,1,0
ozaki,1,0
ozdaglar,1,0
ozlem,0,2
p,1,3
pablo,0,2
padhi,1,0
padmakumar,1,0
paek,1,0
paes,2,0
pagnoni,1,0
pahwa,1,0
paiheng,0,1
paik,1,0
pal,2,1
palakorn,0,1
palangi,1,0
palani,0,1
palgunadi,1,0
palma,1,0
palmer,1,0
palombo,1,0
palowitch,1,0
pan,24,3
panagiotopoulou,1,0
pang,4,1
panjia,0,1
panpan,0,1
pantazopoulos,1,0
paolo,0,1
papadimitriou,1,0
papay,1,0
papicchio,1,0
pappas,1,0
parag,0,1
paras,0,1
parikh,1,0
park,33,0
parker,0,2
parminder,0,1
parth,0,1
parviz,0,1
parwez,0,1
pascal,0,1
pascale,0,1
pasquale,0,1
passmore,1,0
pasunuru,1,0
pat,0,1
pataci,1,0
patel,4,0
pathak,1,0
pathania,1,0
patnaik,1,0
patricia,0,1
patrick,0,4
pattnayak,1,0
patton,1,0
patwardhan,1,0
patwary,1,0
paul,1,6
paula,0,1
paulo,0,1
pavan,0,1
pavel,0,6
pavlos,0,1
paweł,0,1
payal,0,1
payani,1,0
payel,0,1
pechenizkiy,1,0
pedapati,1,0
pedram,0,1
pedro,0,2
peerat,0,1
pegah,0,1
pei,4,3
peichao,0,1
peifeng,0,1
peiji,0,1
peijian,0,2
peijie,0,3
peiming,0,1
peiqi,0,3
peiqin,0,1
peiqing,0,1
peiquan,0,1
peirong,0,1
peisong,0,1
peitian,0,1
peitz,1,0
peiwen,0,2
peixin,0,1
peixuan,0,1
peiyi,0,1
peiying,0,1
peiyu,0,1
peiyuan,0,1
peizhao,0,1
pekhimenko,1,0
pellert,1,0
pelonomi,0,1
peng,32,13
pengcheng,0,1
pengfei,0,5
pengjun,0,1
penglei,0,1
pengliang,0,1
pengpeng,0,2
pengsen,0,1
pengwei,0,2
pengxiang,0,1
pengyu,0,2
pengyue,0,1
pengzhang,0,1
pepa,0,1
pere,0,1
pereyra,1,0
pergola,1,0
perlitz,1,0
perrella,1,0
persuasion,0,1
pesaranghader,1,0
peshmerge,0,1
peter,0,3
peters,1,0
petr,0,1
petter,0,1
petty,1,0
peyman,0,1
pfahringer,1,0
pfeffer,1,0
pfister,2,0
phakphum,0,1
pham,2,1
phan,1,1
phey,0,1
philip,0,6
philipp,0,3
philippe,0,3
phillip,0,1
phong,0,2
phung,2,0
phyo,1,0
pi,1,1
piantanida,1,0
picard,1,0
pierre,0,1
pierrehumbert,1,0
pierri,1,0
pietro,0,1
piha,1,0
piji,0,1
pillutla,1,0
pimentel,1,0
pin,0,1
ping,0,5
pingjie,0,1
pinjia,0,1
pinto,1,0
pinyi,0,1
pinzhen,0,1
piotr,0,1
pipatanakul,1,0
piskorski,1,0
pitorro,1,0
piwowarski,1,0
piyalitt,0,1
piyawat,0,1
piyush,0,1
plank,1,0
plaza,1,0
pletenev,1,0
plum,1,0
po,0,3
poche,1,0
poff,1,0
pokrywka,1,0
poli,1,0
pong,0,1
ponkshe,1,0
pontes,0,1
ponti,1,0
pontus,0,1
poria,1,0
poritski,1,0
potdar,1,0
potsawee,0,1
poudel,1,0
pouransari,1,0
prabhakaran,1,0
prabhu,1,1
pradyot,0,1
prafulla,0,1
pragathi,0,1
prajit,0,1
prakash,2,3
pramanick,1,0
pramit,0,1
pramod,0,1
pranav,0,4
praneeth,0,2
pranida,1,0
prarabdh,0,1
prasad,1,2
prasanna,1,1
prasenjit,0,1
prashant,0,1
prashanth,0,1
pratama,1,0
pratinav,0,1
preethi,0,1
premasiri,1,0
prenassi,1,0
preslav,0,1
presma,0,1
preum,1,0
priban,1,0
pride,0,1
prih,0,1
prince,0,1
pritika,0,1
pritom,0,1
priyanka,0,3
priyaranjan,0,1
probol,1,0
proietti,1,0
pronesti,1,0
properties,1,0
protasov,1,0
prottasha,1,0
proyag,0,1
pruthi,1,0
pu,2,3
pucci,1,0
puerto,1,0
pulkit,0,1
puneet,0,1
punyaphat,0,1
purificacao,0,1
purkar,1,0
purkayastha,1,0
pushpak,0,1
puzis,1,0
pyatkin,1,0
pyun,1,0
pyysalo,1,0
q,0,2
qamar,1,0
qi,16,20
qian,13,6
qiancheng,0,1
qiang,1,6
qianglong,0,1
qianhe,0,1
qianli,0,1
qianlong,0,2
qianqian,0,2
qianyun,0,1
qiao,13,1
qiaoming,0,1
qibing,0,1
qichao,0,1
qicheng,0,1
qichuan,0,1
qidong,0,3
qifan,0,1
qifeng,0,1
qiguang,0,1
qihang,0,1
qihao,0,1
qijun,0,1
qika,0,1
qiming,0,2
qin,14,4
qing,4,9
qingchen,0,1
qingcheng,0,1
qingfeng,0,1
qingfu,0,1
qinggang,0,1
qinghua,0,1
qingjie,0,2
qingkai,0,2
qinglin,0,3
qingming,0,1
qingni,0,1
qingpei,0,1
qingqing,0,1
qingrong,0,1
qingshuang,0,1
qingsong,0,2
qingwei,0,1
qingyan,0,1
qingyang,0,1
qingyao,0,1
qingyu,0,3
qingyun,0,1
qinhan,0,1
qinrui,0,1
qinwen,0,1
qinyu,0,1
qinyuan,0,1
qinzheng,0,1
qiong,0,1
qiongkai,0,1
qipeng,0,1
qishen,0,1
qiu,17,1
qiuchi,0,1
qiufeng,0,2
qiujing,0,1
qiuna,0,1
qiushi,0,1
qiuying,0,1
qiuyinzhe,0,1
qiuzhi,0,1
qiwei,0,2
qiwen,0,1
qixuan,0,1
qiyao,0,1
qiyuan,1,2
qizhi,0,2
qizhou,0,1
qorib,1,0
qu,8,0
quan,3,6
quang,0,2
quanqing,0,1
quantong,0,1
quanwei,0,2
quanying,0,1
quanyu,0,2
que,1,0
quek,1,0
quentin,0,3
quintin,0,1
qun,0,1
quoc,0,3
quzhe,0,1
qwaider,1,0
r,0,12
rabbany,1,0
rachel,0,1
rachneet,0,1
rada,0,1
radevski,1,0
radu,0,1
rafael,0,1
raffaella,0,1
rafi,1,0
ragazzi,1,0
raghad,0,1
raghav,1,2
raghavan,1,0
raghavendra,1,0
raghuveer,1,0
raghvendra,0,1
rahaf,0,1
rahil,0,1
rahmad,0,1
rahman,1,0
rahul,0,1
raihan,1,0
railey,0,1
raj,0,1
raja,0,2
rajab,1,0
rajabi,1,0
rajagede,1,0
rajagopal,1,0
rajath,0,1
rajesh,0,2
rajmohan,1,0
rajpurohit,1,0
rajtmajer,1,0
rajvardhan,0,1
rakesh,1,1
rakotonirina,1,0
ramakanth,0,1
ramakrishnan,3,0
ramamurthy,1,0
ramanan,1,0
ramasamy,1,0
rambelli,1,0
rambow,1,0
ramezani,1,0
rami,0,1
ramit,0,1
ramon,0,1
ramos,1,0
ramu,1,0
ran,2,5
rana,0,2
ranaldi,1,0
ranasinghe,1,0
rangwala,1,0
ranjay,0,1
rao,2,0
raoyuan,0,1
raphael,0,1
raquel,0,1
rashid,0,1
rashkin,1,0
raszewski,1,0
raul,0,1
raunak,1,0
ravenda,1,0
ravi,2,2
ravinarayana,0,1
ravindran,1,0
raviteja,0,1
rawat,1,0
ray,0,1
raymond,0,2
rayson,1,0
raz,0,1
razeghi,1,0
razniewski,1,0
razzak,1,0
re,1,0
rebecca,0,3
reddy,2,1
redmond,1,0
reed,1,0
reem,0,1
reese,0,1
regev,1,0
reheman,1,0
reich,1,0
reichart,1,0
reihaneh,0,1
reinecke,1,0
reis,1,0
remi,0,1
ren,14,2
rena,0,1
renato,0,1
rendi,0,1
renhao,0,1
renjie,0,1
renjing,0,1
renjun,0,1
renke,0,1
renliang,0,1
rennard,1,0
renqi,0,1
renqiu,0,1
renren,0,1
renwen,0,1
renxiang,0,1
resendiz,1,0
resnik,1,0
reto,0,1
reuben,1,0
reut,0,1
reviriego,1,0
rexhina,0,1
reynold,0,1
reza,0,2
rezaei,1,0
rian,0,1
riccardo,0,1
rice,1,0
richard,0,4
richardson,1,0
richardy,0,1
richi,0,1
richong,0,1
rico,0,1
riemenschneider,1,0
rifo,0,1
rifqi,0,1
rihong,0,1
rijal,1,0
rikui,0,1
riley,1,0
rim,2,0
rinat,0,1
ringel,1,0
ringwald,1,0
rios,1,0
risdian,0,1
rish,1,0
rishabh,0,2
rishi,0,1
rita,0,1
ritter,1,0
rituraj,0,1
ritwik,0,4
riza,0,1
rizvi,1,0
rob,0,1
robby,0,1
robert,0,7
roberta,0,1
roberto,0,1
roberts,1,0
robin,0,1
robinson,2,0
rocca,1,0
rochana,0,2
rodolfo,0,1
rodrigo,0,2
rodriguez,2,0
roever,1,0
roger,0,3
rogier,0,1
rohit,0,2
rohrbach,1,0
roi,0,1
rokhlenko,1,0
romain,0,1
roman,0,3
romano,1,0
romanou,1,0
romney,0,1
ron,0,1
rondeau,1,0
rong,3,5
rongchuan,0,1
ronghao,0,1
ronghua,0,1
rongjie,0,2
rongjin,0,1
rongkeng,0,1
rongsheng,0,1
rongxin,0,1
rongzhi,0,1
ronja,0,1
ronny,0,1
roodsari,1,0
roque,1,0
rosado,0,1
rosal,1,0
rose,3,0
rosey,0,1
roshan,0,2
rosing,1,0
rosman,1,0
rossi,1,0
rosy,0,1
rotem,0,1
roth,2,0
rottger,1,0
rouabhia,1,0
roux,1,0
roy,0,3
ru,2,0
ruan,4,0
ruas,1,0
rubehn,1,0
ruben,0,1
ruchira,0,1
rucker,1,0
ruder,1,0
rudinger,1,0
rufino,1,0
ruggeri,1,0
ruggero,1,0
ruhui,0,1
rui,0,19
ruibo,0,1
ruifeng,0,3
ruihan,0,1
ruihang,0,1
ruihao,0,1
ruihong,0,1
ruihua,0,1
ruihui,0,2
ruijie,0,2
ruiming,0,1
ruining,0,1
ruipeng,0,1
ruiran,0,1
ruirui,0,1
ruisheng,0,2
ruitong,0,1
ruiwen,0,1
ruixiang,0,2
ruixuan,0,1
ruiyang,0,1
ruiyi,0,1
ruiying,0,1
ruiyu,0,1
ruiyuan,0,1
ruize,0,1
ruizhang,0,1
ruizhe,0,3
rujia,0,1
rujun,0,1
rulin,0,1
run,0,1
runchu,0,1
runchuan,0,1
runfeng,0,1
runhua,0,1
runji,0,1
runnan,0,1
runpeng,0,1
runqi,0,2
runsheng,0,1
runxuan,0,1
runze,0,1
runzhi,0,1
ruobing,0,3
ruochen,0,2
ruocheng,0,1
ruohong,0,1
ruoming,0,1
ruotian,0,1
ruotong,0,1
ruotsalo,1,0
ruoxi,0,3
ruoyu,0,1
rupak,0,2
ruppenhofer,1,0
rus,1,0
ruscio,1,0
ruslan,0,1
russell,1,0
rust,1,0
rutkowski,1,0
rutunda,1,0
ruxiao,0,1
ruzzetti,1,0
rwaa,0,1
ryan,1,5
ryant,1,0
rybinski,1,0
ryo,0,3
ryu,1,0
ryung,0,1
rzayev,1,0
s,1,13
saab,0,1
saadia,0,1
saba,0,1
sabarna,0,1
sabato,0,1
sabine,0,1
sachan,1,0
sachin,0,2
sadallah,1,0
sadao,0,1
sadat,0,1
sadhu,1,0
saeed,1,1
saeidi,1,0
saetov,1,0
safaa,0,1
sagae,1,0
sagarzazu,1,0
sage,0,1
saghir,1,0
saha,2,1
sahai,1,0
sahar,0,2
sahithya,0,1
sahrish,0,1
sahu,1,0
sai,1,3
said,0,2
saied,0,1
saif,0,1
saikat,0,1
sailik,0,1
sain,1,0
saiz,1,0
sajjadur,0,1
sakaguchi,1,0
sakai,1,0
saket,1,0
sakib,1,0
sakip,1,0
saleh,0,1
saleha,0,1
salehi,1,0
salemi,1,0
salman,0,1
salnikov,1,0
salomey,0,1
salomon,0,1
saloni,0,1
salsabila,0,1
sam,0,1
samar,0,1
samb,1,0
sameer,0,1
samet,0,1
samir,1,0
sampo,0,1
samuel,1,7
samy,0,1
san,0,1
sancheti,1,0
sanchez,0,1
sang,0,2
sangeyl,0,1
sangkeun,0,2
sangkwon,0,1
sangkyu,0,1
sangryul,0,1
sangwon,0,1
sangyeop,0,1
sangyoon,0,1
sani,0,1
sanjabi,1,0
sanjiv,0,1
sankalan,0,1
sankar,1,0
sankararaman,1,0
sanket,0,1
sankowski,1,0
sanmi,0,1
sanner,1,0
sanni,1,0
sansom,1,0
santamaria,0,1
santos,1,0
santra,1,0
santu,0,1
sanxing,0,1
sanyal,1,0
sanyuan,0,1
sanz,1,0
sap,1,0
sapan,1,0
saphra,1,0
saptarshi,0,1
saqib,0,1
sara,0,3
sarah,0,5
saranathan,1,0
sarath,0,1
sarathkrishna,0,1
saravan,0,1
sarkar,1,0
sarko,0,1
sartori,1,0
sarwar,1,0
sasha,0,1
sasse,1,0
sathya,0,1
sato,2,0
sattigeri,1,0
saule,0,1
saurabh,0,2
savitha,0,1
savya,0,1
saxena,1,0
saya,0,1
sayak,0,1
scarlett,0,1
schafer,1,0
schaffner,1,0
schelten,1,0
scheme,1,0
scherz,1,0
schlangen,1,0
schlegel,1,0
schliem,1,0
schluter,1,0
schmid,1,0
schmidt,1,0
schneider,1,0
schockaert,1,0
scholkopf,1,0
schramowski,1,0
schuetze,1,0
schuler,1,0
schwartz,2,0
schwarz,1,0
scialanga,1,0
scott,0,4
se,0,1
seaghdha,1,0
sean,0,2
sebastian,0,4
sebastien,0,2
sedighe,0,1
sediq,0,1
see,1,1
seegmiller,1,0
segal,1,0
sehoon,0,1
seid,0,1
selim,0,1
semih,0,1
semko,0,1
sen,2,3
senaka,0,1
sendong,0,1
seng,0,1
sengamedu,1,0
sengupta,1,0
sennrich,1,0
senqi,0,1
sensen,0,1
senyu,0,1
seo,5,0
seok,1,0
seong,0,1
seonghoon,0,1
seongtae,0,1
seongyun,0,1
seop,0,1
seraphina,0,1
sercan,0,1
serge,0,1
sergey,0,2
serina,0,1
serry,0,1
servedio,1,0
setaka,1,0
seth,2,1
sethuraman,1,0
setiawan,1,0
seto,1,0
seungbeen,0,1
seungcheol,0,1
seunghee,0,1
seunghyun,0,1
seungjoon,0,1
seungju,0,1
seungone,0,1
seunguk,0,1
seungwon,0,1
seyed,0,2
sezen,0,1
sha,1,0
shady,0,1
shafiq,0,1
shafquat,1,0
shah,2,0
shahar,0,1
shahbaz,0,1
shahrad,0,1
shahroz,1,0
shaikh,1,0
shaily,0,1
shaitarova,1,0
shakhnarovich,1,0
shalit,1,0
shamsuddeen,0,1
shan,3,2
shana,0,1
shanchao,0,1
shane,0,1
shang,12,1
shangbin,0,1
shanghang,0,1
shanghaoran,0,1
shangjian,0,1
shanglin,0,1
shangshu,0,1
shangsong,0,1
shangyu,0,1
shankar,1,0
shansan,0,1
shanshan,0,3
shanu,0,1
shao,11,2
shaobo,0,2
shaoguang,0,1
shaoguo,0,1
shaohang,0,1
shaohua,0,1
shaojun,0,1
shaokai,0,1
shaolei,0,2
shaolong,0,1
shaosheng,0,1
shaotian,0,1
shaoting,0,1
shaoxiong,0,1
shaoyin,0,1
shapira,1,0
sharan,0,1
sharif,1,0
sharma,5,0
sharon,0,2
shashank,0,1
shashidhar,0,1
shatnawi,1,0
shay,0,1
shayekh,0,1
shaylee,0,1
shayne,0,1
she,1,0
shehata,1,0
sheikh,0,1
shekhar,1,0
shelmanov,1,0
shelton,1,0
shen,33,4
sheng,4,8
shengbang,0,1
shengchao,0,1
shengguang,0,1
shenghao,0,1
shenghong,0,1
shenghua,0,2
shenglai,0,1
shengmao,0,1
shengpeng,0,1
shengqi,0,1
shengqian,0,1
shengyao,0,1
shengyu,0,2
shengyuan,0,2
shengyun,0,1
shengze,0,1
shengzhong,0,1
shengzhuang,0,1
shenzhi,0,1
shervin,0,1
shester,0,1
shetty,2,0
sheza,0,1
shi,47,6
shichao,0,1
shicheng,0,2
shichun,0,1
shida,0,1
shiduo,0,1
shihan,0,2
shihang,0,1
shihao,0,1
shijia,0,1
shijie,0,4
shijin,0,1
shijing,0,1
shikhhar,0,1
shikun,0,1
shiliang,0,1
shilong,0,3
shim,1,0
shimei,0,1
shimin,0,2
shimodaira,1,0
shin,3,1
shindo,1,0
shing,0,1
shinji,0,1
shinnosuke,0,1
shintaro,0,1
shinwoo,0,1
shiqi,0,2
shiqing,0,1
shiquan,0,1
shishodia,1,0
shitao,0,1
shiun,0,1
shivakumar,1,0
shivalika,0,1
shivani,0,1
shivank,0,1
shiwan,0,1
shiwen,0,1
shixin,0,1
shiyang,0,1
shiyao,0,1
shiyu,0,2
shizhu,0,1
shlomo,0,1
sho,0,1
shoeybi,1,0
shohei,0,1
shojiro,0,1
shomee,1,0
shomir,0,1
shou,1,0
shouling,0,1
shoutao,0,1
shrestha,1,1
shreya,0,2
shrivastava,1,0
shrusti,0,1
shu,3,5
shuai,0,7
shuaiqiang,0,1
shuaiyi,0,1
shuangquan,0,1
shuangrui,0,1
shuangyin,0,1
shubhi,0,1
shubhojit,0,1
shubi,1,0
shubin,0,1
shuchang,0,1
shudan,0,1
shuguang,0,1
shuguo,0,1
shuhang,0,1
shuhao,0,2
shuhei,0,1
shuheng,0,1
shui,0,1
shuicheng,0,1
shuiguang,0,1
shuiwang,0,1
shujian,0,2
shujie,0,2
shujin,0,1
shujun,0,1
shukai,0,1
shukla,2,0
shulin,0,2
shumin,0,1
shuming,0,1
shun,0,1
shunchi,0,1
shuntian,0,1
shunyu,0,2
shuo,0,7
shuofei,0,1
shuohuan,0,1
shuozhe,0,1
shusheng,0,1
shuting,0,1
shuxian,0,1
shuyang,0,2
shuyi,0,1
shuyue,0,1
shuzhen,0,1
shuzheng,0,1
shvetsov,1,0
shwartz,1,0
shweta,0,1
shwetak,0,1
si,3,3
sibaee,1,0
sibongile,0,1
sibue,1,0
sicheng,0,2
sicilia,1,0
siddharth,0,2
sidhaarth,0,1
sidney,0,1
sidorov,1,0
sieck,1,0
sieker,1,0
sigal,1,0
signorelli,1,0
sihan,0,1
sihang,0,1
sihem,0,1
siheng,0,2
sihong,0,1
siingh,1,0
sijia,0,2
silberer,1,0
sile,0,1
siliang,0,1
silin,0,1
silvano,1,0
silvestri,1,0
sim,0,1
simerjot,0,1
simin,0,3
siming,0,1
simon,0,6
simone,0,6
sin,0,1
sina,0,2
sinan,0,1
sinead,0,1
singh,7,0
singhal,1,0
singhvi,1,0
singla,1,0
sinha,2,0
sining,0,1
siniscalchi,1,0
sinong,0,1
sinuo,0,1
siqi,0,4
sirin,1,0
siru,0,1
sirui,0,5
sitao,0,1
siting,0,1
siva,0,1
sivakumar,1,0
sivaprasad,1,0
siya,0,1
siyi,0,1
siyin,0,1
siyu,0,5
siyuan,0,5
siyue,0,1
sizhe,0,1
skrynnik,1,0
sky,0,1
skyler,0,1
slobodin,1,0
slobodkin,1,0
slutzky,1,0
small,0,1
smid,1,0
smith,2,0
smrz,1,0
sneha,0,1
sng,1,0
snigdha,0,1
so,1,1
sofia,0,2
sohan,0,1
soheil,0,1
sohn,1,0
soji,0,1
sokhar,0,1
soleymani,0,1
soltanalian,1,0
someya,1,0
son,4,2
sondos,0,1
sondre,0,1
song,45,2
songhao,0,1
songjie,0,1
songlin,0,2
songming,0,1
songtao,0,1
songyang,0,2
songzhu,0,1
sood,1,0
sook,0,1
soon,0,1
sooyeon,0,1
sooyung,0,1
sophia,0,1
sophie,0,2
sorensen,1,0
sorkatti,1,0
soroush,0,1
sosnowski,1,0
soujanya,0,1
soumitra,0,1
soumya,0,1
soumyabrata,0,2
sourav,0,1
southwell,1,0
souvik,0,1
soyoung,0,1
sparsh,0,1
specia,1,0
spencer,0,1
squicciarini,1,0
srba,1,0
sredharan,0,1
sree,0,1
sreyashi,0,1
sricharan,0,1
srijan,0,1
srikanth,1,1
srini,0,1
srinivas,1,1
srinivasan,0,1
sriparna,0,1
srishankar,1,0
srishti,0,1
srivastava,1,0
sriya,0,1
stamou,1,0
stanovsky,1,0
staub,1,0
stefan,0,4
stefano,0,1
stefanovitch,1,0
steffen,0,1
stein,2,0
stella,0,1
stenetorp,1,0
stepachev,1,0
stephan,0,3
stephanie,0,1
stephen,0,1
stephens,1,0
stepputtis,1,0
stergiadis,1,0
stern,1,0
sterner,1,0
steven,0,4
stollenwerk,2,0
stone,1,0
stranisci,1,0
strategies,1,0
strimel,1,0
strobelt,1,0
strotgen,1,0
strube,1,0
strubell,1,0
sturmer,1,0
su,27,4
sub,0,1
subhajit,0,1
subhojyoti,0,1
suchow,1,0
suess,1,0
suge,0,1
sugimoto,1,0
suh,1,0
suhang,0,2
suhong,0,1
suhyun,0,1
sui,4,0
suin,0,1
sujian,0,1
suk,1,0
sukannya,0,1
sukcharoenchaikul,1,0
sukru,0,1
sukwon,0,1
sukyung,0,1
suleymanzade,1,0
suman,1,2
sumanta,0,1
sumanth,0,1
sumit,0,1
sun,83,1
sunbin,0,1
sunbowen,0,1
sundar,1,0
sung,2,1
sungchul,0,1
sungho,0,2
sunghwan,0,1
sungjae,0,1
sungmin,0,1
sungmo,0,1
sungroh,0,1
sungryull,0,1
sungsoo,0,1
sunhao,0,1
sunipa,0,1
sunkyung,0,1
sunny,0,1
suparna,0,1
supriyo,0,1
suraj,0,2
surange,1,0
suresh,1,0
suri,1,0
surikuchi,1,0
susanna,0,1
susanto,2,0
suseth,0,1
susu,0,1
suvodip,0,1
suyang,0,1
suyesh,0,1
suyuchen,0,1
svete,1,0
swaminathan,2,0
sweta,0,1
sycara,1,0
sydney,0,1
syed,1,0
syzdykov,1,0
szpektor,1,0
sztyler,1,0
t,0,2
tack,0,1
tadesse,0,2
tae,1,0
taegwan,0,1
taehee,0,1
taeheon,0,1
taehwak,0,1
taesup,0,1
taeuk,0,1
taewhoo,0,1
taewon,0,1
taewook,0,1
taeyoon,0,1
taghadouini,1,0
tagliavini,1,0
taha,0,2
taher,0,1
taiga,0,1
tajana,0,1
takac,1,0
takahashi,1,0
takama,1,0
takamizo,1,0
takanashi,1,0
takao,0,1
takase,1,0
takdanai,0,1
takeoka,1,0
takeshi,0,1
takhirov,1,0
taki,0,1
takmaz,1,0
taku,0,1
takumasa,0,1
takumi,0,1
tal,0,3
talebzadeh,1,0
talur,1,0
tamar,0,1
tamer,0,1
tamilselvam,1,0
tan,19,1
tanaka,1,0
tang,39,0
tanguy,1,0
tania,0,1
tanmana,0,1
tanmay,0,2
tanmoy,0,1
tanner,2,0
tanti,0,1
tanuj,0,1
tanush,0,1
tanya,0,1
tanzi,1,0
tao,10,17
taolin,0,1
taolue,0,1
tara,0,2
taro,0,2
tarun,0,2
tassallah,0,1
tassilo,0,1
tat,0,1
tateishi,1,0
tatiana,0,1
tatsuki,0,1
tatsushi,0,1
tatsuya,0,2
tau,0,1
tay,1,0
tayade,1,0
taylor,0,2
taywon,0,1
tayyar,0,1
tchango,1,0
teddy,0,1
tedeschi,1,0
teglia,1,0
teja,0,1
tejas,0,1
tejaswini,0,1
teli,0,1
teng,1,2
tengchao,0,1
tenghao,0,1
tengyu,0,2
teo,1,0
teodorescu,1,0
teplitskiy,1,0
ter,0,1
teranishi,1,0
terblanche,1,0
tereza,0,1
terrence,0,1
terry,0,1
tesfu,0,1
testoni,1,0
tetsuro,0,1
teufel,1,0
thakkar,2,0
thalia,0,1
thanh,0,5
thant,0,1
tharindu,0,2
thi,0,2
thibault,0,1
thieberger,1,0
thien,0,1
thieu,0,1
thior,1,0
thiri,0,1
thomas,3,10
thore,0,1
thorne,1,0
thuan,0,1
thuy,0,1
thy,0,2
tiago,0,1
tian,22,6
tianbo,0,1
tiancheng,0,2
tianci,0,1
tianfang,0,1
tianhao,0,2
tianhe,0,1
tianheng,0,1
tianhua,0,1
tianhui,0,1
tianle,0,2
tianliang,0,1
tianlong,0,2
tianning,0,1
tianpeng,0,1
tianqi,0,2
tianqing,0,1
tianrui,0,2
tianshi,0,1
tianshu,0,2
tianshuo,0,1
tianwei,0,2
tianwen,0,1
tianxiang,0,2
tianxin,0,1
tianxing,0,2
tianyang,0,1
tianyi,0,10
tianyu,0,8
tianyuan,0,1
tianyun,0,1
tianze,0,2
tianzhe,0,1
tianzhen,0,1
tiedemann,1,0
tiejun,0,1
tien,0,1
tieniu,0,1
tieyong,0,1
tieyun,0,1
tiezheng,0,2
tiffany,0,1
tilek,0,1
tim,1,3
timo,0,1
timofte,1,0
timothee,0,1
timothy,0,2
timur,0,1
tina,0,1
ting,0,9
tingfeng,0,1
tingkai,0,1
tingting,0,3
tingwen,0,1
tingyu,0,2
tingyue,0,1
tirana,0,1
titov,1,0
tiwari,2,0
tiziano,0,1
tjiaranata,1,0
tjuatja,1,0
tobi,0,1
tobias,0,2
toby,0,1
togmanov,1,0
toh,1,0
tokenizationrenato,0,1
tollo,1,0
toluwase,0,1
tom,0,2
tomas,0,1
tommaso,0,2
tong,8,8
tonga,1,0
tongtong,0,1
tongxin,0,1
tongyan,0,1
tongzhou,0,1
tonja,1,0
tonneau,1,0
tony,0,3
topological,0,1
toral,1,0
torlone,1,0
torr,1,0
tou,0,2
toutanova,1,0
toyin,1,0
training,1,0
tran,4,1
trang,0,1
tredici,1,0
tresp,1,0
treviso,1,0
trevor,0,2
tripathi,1,0
trisha,0,1
trishul,0,1
tristan,0,1
troiano,1,0
truhn,1,0
truong,0,3
tsai,1,0
tsao,1,0
tsarfaty,1,0
tse,0,1
tseng,1,0
tshuva,1,0
tsiamas,1,0
tsubasa,0,1
tsvetkov,1,0
tu,4,0
tuan,0,4
tucker,0,1
tufino,1,0
tuo,0,1
tur,1,0
turdubaeva,1,0
turmakhan,1,0
tursun,1,0
tuukka,0,1
tyagi,1,0
tyen,1,0
tyler,0,2
tzu,0,1
tzuf,0,1
u,0,3
uchibe,1,0
uddin,1,0
udi,0,1
udomcharoenchaikit,1,0
udrea,1,0
ueda,1,0
ujjal,0,1
ukiyo,1,0
ukyo,0,1
umberto,0,1
ungar,1,0
ungless,1,0
upadhya,1,0
upadhyay,1,0
uri,0,1
usman,0,1
utiyama,1,0
uyangodage,1,0
uzuner,1,0
v,0,6
vaibhav,0,2
vaidhya,1,0
vaishaal,0,1
vakili,1,0
valentin,0,2
valentina,0,1
valentino,1,0
valeria,0,1
vallego,1,0
vamvas,1,0
van,2,2
varis,1,0
varma,1,0
varsha,0,1
varshini,0,1
vashisth,0,1
vasily,0,1
vasselli,1,0
vassilis,0,1
vazirgiannis,1,0
vazquez,1,0
vedaant,0,1
vedula,1,0
veerakanjana,1,0
vegner,1,0
velasco,1,0
velazquez,1,0
velibor,0,1
veloso,1,0
velutharambath,1,0
vemulapalli,1,0
venditti,1,0
venediktov,0,1
veniamin,0,1
venkata,1,0
venkatesh,1,0
venkit,1,0
vente,1,0
vepakomma,1,0
vera,0,3
vered,0,1
verena,0,1
verga,1,0
verma,2,0
vermillet,1,0
verna,0,1
vernon,0,1
veronika,0,2
veronique,0,1
veselovsky,1,0
vibhav,0,1
vicente,0,1
vicky,0,2
victor,0,4
victoria,0,1
vidya,0,1
viet,0,3
vig,1,0
vignesh,0,2
vijay,0,2
vijval,0,1
vikas,0,1
viktor,0,3
villani,1,0
villavicencio,1,0
ville,0,1
villegas,1,0
vincent,0,5
vincentio,1,0
vineet,1,1
vineeth,0,2
vinh,0,1
vinicius,0,1
vinodkumar,0,1
virgile,0,1
virginia,0,1
vish,0,1
vishakh,0,1
vishal,0,2
viswanathan,1,0
vitaly,0,1
vito,0,1
vitobha,0,1
vittorio,0,1
vivek,0,1
vladimir,0,1
vladislav,0,2
vo,2,0
vogeti,1,0
voigt,1,0
vojtechova,1,0
volchek,1,0
volha,0,1
volker,0,1
volovikova,1,0
vosoughi,1,0
vougiouklis,1,0
vozila,1,0
vrazitulis,1,0
vu,3,0
vukosi,0,1
vulic,1,0
vuong,1,0
w,0,4
wadden,1,0
wahle,1,0
wai,0,2
walid,0,2
walter,0,1
wan,20,3
wang,359,1
wangchunshu,0,1
wangding,0,1
wanggui,0,1
wangzheng,0,1
wanjin,0,1
wanli,0,4
wanlong,0,1
wanrong,0,1
wanxuan,0,1
wanyi,0,1
wanyu,0,1
wanzong,0,1
warner,1,0
warren,1,0
warstadt,1,0
waseda,1,0
washington,0,1
watanabe,2,0
wataoka,1,0
wattenhofer,1,0
webber,1,0
weber,2,0
wechsler,1,0
weerdt,1,0
weers,1,0
wei,36,45
weibo,0,1
weichen,0,1
weichuan,1,0
weicong,0,1
weidi,0,2
weidong,0,1
weifeng,0,1
weigang,0,1
weigao,0,1
weigle,1,0
weihan,0,1
weihang,0,1
weihao,0,3
weihong,0,3
weihs,1,0
weihua,0,1
weijian,0,4
weijiang,0,1
weijie,0,5
weikai,0,1
weili,0,1
weiliang,0,1
weilin,0,1
weilong,0,1
weilun,0,1
weimin,0,1
weiming,0,2
weinan,0,2
weipeng,0,2
weiping,0,1
weiqi,0,2
weiqiang,0,1
weiran,0,1
weitao,0,1
weiwen,0,2
weixian,0,1
weixiang,0,1
weixiong,0,1
weixuan,0,1
weixun,0,1
weiyan,0,2
weiyang,0,1
weiyi,0,2
weiyuan,0,1
weiyun,0,1
weize,0,1
weizhi,0,2
weizhou,0,1
welleck,1,0
weller,2,0
wen,14,11
wenbiao,0,1
wenbin,0,1
wenbing,0,1
wenbo,0,2
wenda,0,1
wendi,0,1
wendler,1,0
wendy,0,1
wenfeng,0,1
weng,3,0
wengang,0,1
wenge,0,1
wenguang,0,1
wengyu,0,1
wenhai,0,1
wenhan,0,3
wenhao,0,6
wenhu,0,1
wenhui,0,1
weninger,1,0
wenjie,0,4
wenjing,0,2
wenju,0,1
wenjun,0,4
wenkai,0,1
wenlei,0,1
wenlin,0,1
wenmeng,0,1
wenpeng,0,3
wenqi,0,3
wenqian,0,1
wenqiang,0,4
wenqiao,0,1
wenqing,0,3
wenrui,0,2
wentao,0,5
wenting,0,1
wentong,0,1
wenxi,0,1
wenxiang,0,3
wenxuan,0,4
wenya,0,2
wenye,0,1
wenyi,0,1
wenyu,0,3
wenyuan,0,2
wenyue,0,1
wenzhuo,0,1
werner,0,1
west,1,0
weston,1,0
whalen,1,0
wheeler,1,0
white,0,1
whitehouse,1,0
whitney,0,1
whittington,1,0
wiem,0,1
wiemerslage,1,0
wierzbicki,1,0
wijanarko,1,0
wijaya,2,0
wilcox,1,0
wilhelmina,0,1
william,0,7
williamson,1,0
wilson,1,0
winata,1,0
wing,0,2
wingerd,1,0
wisnios,1,0
wisznia,1,0
witold,0,1
wojciech,0,1
wojcieszak,1,0
wold,1,0
wolf,2,0
wolflein,1,0
wong,10,0
wonje,0,1
wonjun,0,2
woo,1,3
woog,0,1
woojung,0,1
wook,0,1
wooldridge,1,0
woontack,0,1
wooyoung,0,1
wu,120,0
wuchun,0,1
wuehrl,1,0
wunderle,1,0
wunderlich,1,0
wuyue,0,1
wynne,0,1
x,0,1
xeron,0,1
xi,5,7
xia,19,3
xiachong,0,1
xian,2,4
xiancai,0,1
xianfei,0,1
xiang,10,19
xiangang,0,1
xiangbo,0,1
xiangchao,0,1
xiangchi,0,1
xiangci,0,1
xiangdong,0,1
xiangfei,0,1
xianghe,0,1
xianghu,0,1
xiangju,1,0
xiangkun,0,1
xiangliang,0,1
xianglong,0,1
xiangmin,0,1
xiangnan,0,1
xiangqi,0,2
xiangru,0,1
xiangxin,0,2
xiangyang,0,1
xiangyu,0,6
xiangyuan,0,1
xiangzheng,0,1
xianming,0,1
xianpei,0,1
xianrui,0,1
xianshu,0,1
xiantao,0,1
xianwei,0,1
xianzhao,0,1
xianzhen,0,1
xiao,32,17
xiaobao,0,1
xiaobin,0,1
xiaobing,0,1
xiaobo,0,1
xiaochen,0,1
xiaocheng,0,2
xiaochi,0,1
xiaochun,0,1
xiaocui,0,1
xiaoda,0,1
xiaodan,0,2
xiaodong,0,6
xiaofan,0,1
xiaofei,0,1
xiaofen,0,1
xiaofeng,0,5
xiaogeng,0,1
xiaoguang,0,1
xiaohai,0,1
xiaohan,0,2
xiaohao,0,1
xiaohe,0,1
xiaohong,0,2
xiaohu,0,1
xiaohua,0,1
xiaohui,0,1
xiaojie,0,1
xiaojing,0,1
xiaojun,0,3
xiaokang,0,2
xiaolei,0,1
xiaoli,0,2
xiaoliang,0,1
xiaolin,0,1
xiaoling,0,1
xiaolong,0,3
xiaomeng,0,2
xiaoming,0,2
xiaomo,0,1
xiaopeng,0,1
xiaopu,0,1
xiaoqi,0,1
xiaoqian,0,2
xiaoqin,0,1
xiaoqing,0,2
xiaoran,0,1
xiaorui,0,2
xiaoshuai,0,2
xiaoshuang,0,1
xiaotao,0,2
xiaotian,0,2
xiaotong,0,3
xiaowei,0,2
xiaowen,0,3
xiaoxi,0,2
xiaoxing,0,1
xiaoya,0,1
xiaoyang,0,1
xiaoye,0,1
xiaoyi,0,2
xiaoyong,0,2
xiaoyu,0,4
xiaoyuan,0,3
xiaozhe,0,1
xiaozhi,0,1
xiaqiang,0,1
xiasi,0,1
xiawei,0,1
xiaxia,0,1
xibao,0,1
xie,33,1
xiechi,0,1
xihao,0,1
xihuai,0,1
xike,0,1
xilei,0,1
xilin,0,1
xilun,0,1
ximeng,0,1
xin,5,25
xinbei,0,1
xinbing,0,1
xinchao,0,1
xinchen,0,1
xindi,0,1
xinfa,0,1
xing,7,3
xingchen,0,1
xingcheng,0,1
xingdi,0,1
xingguang,0,1
xinghua,0,1
xingjian,0,2
xinglin,0,2
xingtai,0,1
xingwei,0,2
xingwu,0,1
xingxing,0,1
xingxuan,0,1
xingyan,0,1
xingyao,0,1
xingyu,0,4
xingyuan,0,3
xingzhi,0,1
xingzhou,0,1
xinhao,0,2
xinhe,0,1
xinke,0,1
xinlei,0,2
xinlin,0,1
xinmei,0,1
xinpeng,0,1
xinran,0,1
xinrong,0,1
xinru,0,1
xinrun,0,2
xintao,0,1
xinting,0,2
xintong,0,1
xinwang,0,1
xinwei,0,3
xinxin,0,2
xinyan,0,3
xinyang,0,2
xinyao,0,1
xinyi,0,7
xinyin,0,1
xinyu,0,11
xinyue,0,2
xinze,0,1
xinzhe,0,1
xinzuo,0,1
xiong,13,2
xiongkuo,0,1
xiongwei,0,1
xipeng,0,2
xiruo,0,1
xiting,0,2
xitong,0,1
xiu,0,1
xiuhui,1,0
xiulin,0,1
xiusi,0,1
xiuwei,0,1
xiuxing,0,1
xiuxuan,0,1
xiuying,0,1
xiuze,0,1
xiuzhen,0,1
xiwen,0,1
xixin,0,1
xixun,0,1
xiyu,0,1
xiyuan,0,1
xize,0,1
xompero,1,0
xu,126,13
xuan,0,4
xuanang,0,1
xuanbo,0,1
xuanchang,0,1
xuanchao,0,1
xuancheng,0,1
xuanfan,0,1
xuanhong,0,1
xuanjing,0,1
xuanle,0,1
xuanming,0,1
xuanyu,0,1
xuanzhe,0,1
xubin,0,1
xuchao,0,1
xudong,0,1
xue,7,3
xuebo,0,1
xuechunzi,0,1
xuefeng,0,1
xueguang,0,1
xuelong,0,1
xuemei,0,1
xueqi,0,1
xueqiao,0,1
xueqing,0,1
xueru,0,1
xuesong,0,1
xuetao,0,2
xuetong,0,1
xuewen,0,1
xueyan,0,1
xueyao,0,1
xueying,0,1
xueyu,0,1
xuezhi,0,1
xuhai,0,1
xuhao,0,1
xuhong,0,1
xuhui,0,1
xujia,0,1
xujiang,0,1
xujie,0,2
xuming,0,1
xun,0,4
xunjian,0,1
xunliang,0,1
xunying,0,1
xunzhi,0,1
xupeng,0,1
xusen,0,1
xuxu,0,1
xuyuan,0,1
xve,1,0
xypolopoulos,1,0
y,0,4
ya,0,2
yabin,1,0
yachao,0,1
yadegari,2,0
yadollah,0,1
yadong,0,1
yafeng,0,2
yafu,0,1
yaghoobzadeh,1,0
yahan,0,1
yahia,1,0
yahui,0,1
yahya,1,0
yair,0,1
yakun,0,1
yaldiz,1,0
yaliang,0,1
yamabe,1,0
yamagishi,1,0
yamagiwa,1,0
yamamoto,1,0
yan,28,13
yanai,0,1
yanan,0,3
yanbin,0,1
yanbo,0,1
yancan,0,1
yancheng,0,2
yanchi,0,1
yanchuan,0,1
yanfang,0,1
yanfei,0,1
yanfeng,0,1
yang,123,27
yangarber,1,0
yangfan,0,1
yangguang,0,1
yanghao,0,1
yanghua,0,1
yanghui,0,1
yangjun,0,1
yangkun,0,1
yangmin,0,1
yangming,0,1
yangneng,0,1
yangning,0,1
yangou,0,1
yangqiaoyu,0,1
yangqin,0,1
yangqiu,0,1
yangshijie,0,1
yangxi,0,1
yangyang,0,6
yangyifan,0,1
yangyu,0,1
yanhao,0,1
yanhong,0,1
yaniv,0,1
yanjiang,0,1
yanjie,0,1
yanjun,0,1
yankai,0,2
yanliang,0,1
yanlin,0,1
yanling,0,2
yanmei,0,1
yanmeng,0,1
yanmin,0,1
yanming,0,1
yanna,0,1
yanping,0,1
yanqing,0,2
yanran,0,2
yanrui,0,1
yansong,0,1
yantao,0,1
yantosca,1,0
yanuka,1,0
yanwei,0,1
yanxi,0,1
yanyan,0,2
yanyang,0,1
yanyun,0,1
yanzhao,0,1
yanzhe,0,1
yanzhen,0,1
yanzhi,0,1
yanzhu,0,1
yao,29,12
yaodong,0,1
yaohui,0,1
yaojie,0,1
yaoke,0,1
yaoqi,0,1
yaowei,0,1
yaowu,0,1
yap,0,1
yapeng,0,1
yaping,0,1
yaqi,0,1
yari,1,0
yarik,0,1
yarowsky,1,0
yaru,0,1
yasaman,0,1
yaser,0,1
yash,0,1
yasha,0,1
yashen,0,1
yasheng,0,1
yasir,0,1
yasufumi,0,1
yasuhiro,0,1
yatao,0,1
yatskar,1,0
yavas,1,0
yavuz,1,1
yaxi,0,1
yaxin,0,4
yaxuan,0,1
yayu,0,2
ye,32,4
yeachan,0,1
yeajin,0,1
yean,0,1
yebo,0,1
yee,0,1
yefeng,0,2
yeh,2,0
yehong,0,1
yehudai,1,0
yein,0,1
yejin,0,3
yejing,0,1
yekini,1,0
yekun,0,1
yeming,0,1
yen,2,2
yeo,1,0
yeom,1,0
yeon,0,3
yepeng,0,2
yequan,0,1
yerang,0,1
yerim,0,1
yerin,0,1
yerukola,1,0
yesai,0,1
yesantarao,0,1
yeshil,0,1
yetisgen,1,0
yeung,1,0
yevgeni,0,1
yew,0,1
yexiang,0,1
yexin,0,1
yexing,0,1
yeye,0,1
yeying,0,1
yeyong,0,1
yeyun,0,1
yi,4,32
yian,0,1
yibin,0,2
yibo,0,4
yice,0,1
yichang,0,1
yichao,0,2
yichen,0,5
yicheng,0,2
yichi,0,2
yichong,0,1
yichuan,0,1
yichun,0,1
yida,0,4
yidan,0,2
yidi,0,1
yidong,0,1
yiduo,0,1
yifan,0,11
yifei,0,8
yifeng,0,2
yifu,0,3
yige,0,2
yih,1,0
yihan,0,2
yihang,1,2
yihao,0,2
yihong,0,2
yihua,0,1
yijian,0,1
yijie,0,3
yikai,0,1
yike,0,4
yikun,0,2
yildiz,1,0
yile,0,2
yilei,0,1
yili,0,1
yiliao,0,1
yilin,0,5
yiling,0,1
yilmaz,1,0
yilong,0,2
yilun,0,1
yimam,1,0
yimeng,0,1
yiming,0,7
yin,25,6
yinan,0,2
yinchuan,0,1
yindu,0,1
yinfan,0,1
yinfei,0,1
ying,4,12
yingchaojie,0,1
yingda,0,1
yingfan,0,1
yingfei,0,2
yinggui,0,1
yinghui,1,1
yingjian,0,1
yingjie,0,4
yingjin,0,1
yinglin,0,1
yingming,0,1
yingqian,0,1
yingqiang,0,1
yingshui,0,1
yingxia,0,1
yingyan,0,2
yinheng,0,1
yinhong,0,1
yining,0,5
yiping,0,1
yiqiao,0,1
yiqing,0,1
yiqiu,0,1
yiquan,0,1
yiqun,0,3
yiran,0,4
yiren,0,1
yirong,0,1
yishan,0,1
yisheng,0,1
yitao,0,3
yitian,0,1
yiting,0,3
yiwei,0,4
yiwen,1,4
yixia,0,1
yixian,0,1
yixiao,0,1
yixin,0,4
yixuan,0,4
yiyan,0,2
yiyang,0,5
yiyao,0,1
yiyi,0,1
yiyou,0,1
yiyu,0,1
yiyuan,0,1
yize,0,2
yizhe,0,2
yizhen,0,1
yizhi,0,1
yizhong,0,1
yizhou,0,1
yizhu,0,1
yizhuo,0,1
yo,0,1
yoav,0,3
yohan,0,2
yohei,0,1
yokoi,1,0
yonatan,0,4
yong,0,12
yongbin,0,3
yongchan,0,1
yongchao,0,1
yongcheng,0,1
yongdae,0,1
yongfei,0,1
yongfeng,0,1
yonggan,0,1
yonggang,0,1
yongheng,0,1
yonghua,0,1
yonghyun,0,1
yongil,0,1
yongjie,0,1
yongjin,0,1
yongjing,0,1
yongkang,0,3
yongliang,0,2
yonglin,0,1
yongmei,0,1
yongqi,0,3
yongquan,0,1
yongrae,0,1
yongrui,0,1
yongsen,0,1
yongshi,0,1
yongwoo,0,1
yongxin,0,3
yoo,1,1
yoojin,0,1
yoon,8,1
yoonah,0,1
yoonji,0,1
yoontae,0,1
yooseop,0,1
yosef,1,0
yosephine,0,1
yoshida,1,0
yoshihide,0,1
yoshinaga,1,0
yoshino,1,0
yoshua,0,1
yotam,0,1
you,3,0
youcheng,0,2
youfang,0,1
youfeng,0,1
youliang,0,1
youn,0,1
youna,0,1
young,0,2
youngbin,0,1
younghyun,0,1
youngjae,0,1
youngmin,0,1
youngwon,0,1
yousefi,1,0
yousefpour,1,0
youssef,0,1
yoztyurk,1,0
yu,91,45
yuan,30,13
yuanbin,0,1
yuancheng,0,2
yuanchi,0,1
yuanchun,0,1
yuanfan,0,1
yuang,0,1
yuanjun,0,1
yuanpeng,0,1
yuansheng,0,1
yuantao,0,1
yuanteng,0,1
yuantian,0,1
yuanxin,0,2
yuanxing,0,3
yuanyi,0,1
yuanyuan,0,3
yubing,0,1
yubo,0,4
yuchen,0,15
yucheng,0,3
yuchi,0,2
yuchuan,0,1
yuchun,0,1
yucong,0,1
yudi,0,1
yudong,0,2
yue,7,14
yuechen,0,1
yuechi,0,1
yuehao,0,1
yuehe,0,1
yuehgoh,1,0
yuekai,0,1
yuekun,0,1
yuelin,0,1
yueming,0,1
yuepei,0,1
yueqi,0,2
yueru,0,1
yueting,0,1
yuexian,0,1
yuexiang,0,1
yuexin,0,1
yueyue,0,1
yueze,0,1
yufan,0,1
yufang,0,2
yufei,0,5
yufeng,0,2
yugeng,0,1
yuguang,1,0
yuguo,0,1
yuhan,0,3
yuhang,0,4
yuhao,0,5
yuheng,0,3
yuho,0,1
yuhong,0,3
yuhuai,0,1
yuhuan,0,1
yuhui,0,1
yuji,0,1
yujia,0,6
yujiang,0,1
yujie,0,2
yujin,0,2
yujing,0,1
yujiu,0,1
yuju,0,1
yujun,0,2
yuki,0,1
yuksel,1,0
yukti,0,1
yukun,0,3
yulan,0,2
yule,0,1
yulhwa,0,1
yulia,0,1
yuliang,0,1
yulianrifat,1,0
yulin,0,3
yulong,0,3
yumeng,0,2
yuming,0,1
yumo,0,1
yun,5,10
yuna,0,1
yunan,0,1
yunfan,0,1
yunfei,0,2
yunfeng,0,1
yungi,0,1
yunhan,0,1
yunhao,0,1
yunhe,0,1
yunhong,0,1
yunhua,0,1
yunhuai,0,1
yunhui,0,1
yuning,0,2
yunjia,0,1
yunjie,0,1
yunkun,0,2
yunli,0,1
yunlong,0,2
yunmeng,0,1
yunpu,0,1
yunseok,0,1
yunsheng,0,1
yuntao,0,1
yunting,0,1
yuntong,0,1
yunxin,0,1
yunya,0,1
yunyao,0,1
yunyi,0,1
yunzhi,0,1
yunzhu,0,1
yupei,0,2
yupeng,0,3
yupian,0,1
yupu,0,2
yuqi,0,4
yuqian,0,2
yuqiang,0,1
yuqiao,0,1
yuqin,0,1
yuqing,0,2
yuqiu,0,1
yuqun,0,1
yuran,0,1
yuri,0,1
yuriy,0,1
yurui,0,2
yurun,0,1
yushan,0,1
yushen,0,1
yusheng,0,2
yushi,0,2
yushuang,0,1
yusuke,0,5
yutaka,0,1
yutao,0,3
yuting,0,3
yutong,0,4
yuu,0,1
yuval,0,1
yuwen,0,1
yuxi,0,2
yuxia,0,1
yuxiang,0,4
yuxiao,0,3
yuxin,0,6
yuxing,0,1
yuxiong,0,2
yuxuan,0,11
yuxun,0,1
yuyan,0,1
yuyang,0,4
yuyao,0,2
yuyi,0,1
yuying,0,1
yuyuan,0,1
yuyue,0,1
yuze,0,1
yuzhang,0,1
yuzhen,0,1
yuzhong,0,1
yuzhuang,0,1
yuzhuo,0,1
yvon,1,0
yvonne,0,1
z,0,1
zachary,0,2
zafar,0,1
zaghi,1,0
zahid,1,0
zahirah,0,1
zahra,0,2
zaidi,1,0
zaifu,0,1
zaijun,0,1
zaikis,1,0
zain,0,1
zaiqiao,0,1
zairun,0,1
zaitian,0,1
zaitova,1,0
zaiyuan,0,1
zaki,1,0
zakir,0,1
zalkikar,1,0
zaman,1,0
zamani,1,1
zamaraeva,1,0
zamorano,1,0
zampieri,1,0
zang,1,1
zangari,1,0
zangir,0,1
zanzotto,1,0
zaoyu,0,1
zaporojets,1,0
zappella,2,0
zaranis,1,0
zarrieß,1,0
zayed,1,0
ze,0,4
zecevic,1,0
zechen,0,1
zecheng,0,1
zedong,0,1
zehan,0,2
zehong,0,1
zehua,0,2
zehui,0,2
zejian,0,1
zejiang,0,1
zejun,0,1
zekai,0,3
zekun,0,5
zeli,0,1
zeliang,0,1
zelin,0,1
zemin,0,1
zeming,0,2
zenan,0,1
zeng,32,0
zengfeng,0,1
zenghao,0,1
zenghui,0,1
zengkui,0,1
zenglin,0,1
zengmao,0,1
zengqi,0,1
zengyi,0,1
zequn,0,1
zesheng,0,1
zetian,0,1
zettlemoyer,1,0
zewei,0,1
zewen,0,2
zexi,0,2
zexin,0,1
zexiong,0,1
zexuan,0,2
zeyang,0,1
zeyao,0,1
zeynab,0,1
zeyu,0,4
zeyuan,0,1
zezhong,0,1
zha,2,0
zhafran,1,0
zhai,4,0
zhan,6,0
zhanchao,0,1
zhang,353,0
zhange,0,1
zhanghao,0,1
zhangyang,0,1
zhangyi,0,1
zhangyue,0,1
zhangze,0,1
zhanhui,0,1
zhankun,0,1
zhanqiu,0,1
zhanshuo,0,1
zhanxu,0,1
zhanyu,0,1
zhao,90,3
zhaochen,0,2
zhaochun,0,1
zhaodan,0,1
zhaofeng,0,1
zhaohan,0,2
zhaokai,0,1
zhaoling,0,1
zhaolong,0,1
zhaopeng,0,2
zhaorui,0,1
zhaowen,0,1
zhaoxiang,0,1
zhaoxin,0,2
zhaoxuan,0,2
zhaoyang,0,2
zhaoye,0,1
zhaoyi,0,1
zhaoyu,0,1
zhaozhuo,0,1
zhe,0,8
zhecheng,0,2
zhedong,0,1
zhefan,0,1
zhefeng,0,1
zhehao,0,1
zheheng,0,1
zhehuai,0,1
zhejian,0,1
zheli,0,1
zhelnin,1,0
zhelun,0,1
zheming,0,1
zhen,0,15
zhenda,0,1
zhendong,0,1
zhenfei,0,1
zheng,46,12
zhengfeng,0,2
zhenghan,0,1
zhenghao,0,4
zhenghua,0,1
zhengliang,0,2
zhenglin,0,2
zhengmian,0,1
zhengren,0,1
zhenguo,0,1
zhengwei,0,1
zhengxiang,0,1
zhengyan,0,2
zhengyang,0,4
zhengyao,0,1
zhengyin,0,1
zhengyu,0,1
zhenhailong,0,1
zhenhao,0,1
zhenhe,0,1
zhenhua,0,4
zhenhui,0,1
zheni,0,1
zhenjiang,0,1
zhenliang,0,1
zhenpeng,0,1
zhenqi,0,1
zhenran,0,1
zhenru,0,1
zhentao,0,1
zhenxi,0,1
zhenxing,0,1
zhenya,0,1
zhenyan,0,1
zhenyang,0,1
zhenyao,0,1
zhenyi,0,1
zhenyu,0,4
zhenzhe,0,1
zhenzhong,0,1
zheqing,0,1
zheshu,0,1
zhewei,0,2
zhexin,0,1
zhexuan,0,1
zheyao,0,1
zheye,0,1
zheyu,0,1
zheyuan,0,3
zhi,1,9
zhichao,0,3
zhicheng,0,2
zhicong,0,1
zhifan,0,1
zhifang,0,2
zhifei,0,1
zhigen,0,1
zhiguo,0,1
zhihan,0,1
zhihang,0,3
zhihao,0,4
zhihe,0,1
zhiheng,0,2
zhihong,0,3
zhihua,0,3
zhijian,0,1
zhijie,0,1
zhijing,0,1
zhikai,0,1
zhikang,0,1
zhili,0,3
zhiliang,0,1
zhilin,0,1
zhilong,0,1
zhimeng,0,1
zhimin,0,1
zhiming,0,3
zhining,0,1
zhipang,0,1
zhipeng,0,1
zhiping,0,1
zhiqi,0,1
zhiqiang,0,5
zhiqing,0,3
zhiqiu,0,1
zhirui,0,2
zhishang,0,1
zhisong,0,2
zhitao,0,1
zhitong,0,1
zhiwei,0,3
zhixin,0,2
zhixing,0,1
zhixiong,0,1
zhixuan,0,1
zhixue,0,1
zhiyang,0,4
zhiyi,0,1
zhiyong,0,2
zhiyu,0,4
zhiyuan,0,11
zhiyue,0,1
zhiyun,0,1
zhize,0,1
zhizhao,0,1
zhizheng,0,1
zhizhuo,0,1
zhong,12,3
zhongchao,0,1
zhonghang,0,1
zhonghua,0,2
zhonghui,0,1
zhongjun,0,1
zhongni,0,1
zhongqi,0,1
zhongxin,0,1
zhongyu,0,2
zhongyuan,0,3
zhongzhan,0,1
zhongzheng,0,1
zhou,92,1
zhoufutu,0,1
zhouhan,0,1
zhouhang,0,1
zhouhao,0,1
zhouhong,0,1
zhoumianze,0,1
zhouzhou,0,1
zhu,75,3
zhuang,12,1
zhujin,0,1
zhumin,0,1
zhun,0,2
zhuo,1,2
zhuocheng,0,1
zhuofeng,0,1
zhuohan,0,1
zhuohang,0,1
zhuoheng,1,0
zhuojun,0,1
zhuolun,0,1
zhuoma,0,1
zhuoqun,0,1
zhuoran,0,2
zhuosheng,0,1
zhuoshi,0,1
zhuowen,0,1
zhuoyun,0,1
zi,0,2
ziad,0,1
zibo,0,2
zican,0,1
zichao,0,3
zichen,0,3
zicheng,0,3
zichuan,0,1
zicong,0,1
zied,0,1
ziems,1,0
zifan,0,2
zifei,0,1
zifeng,0,3
zifu,0,1
zihan,0,7
zihao,0,6
zihe,0,1
ziheng,0,4
zihong,0,2
zihua,0,1
zijia,0,1
zijian,0,4
zijie,0,2
zijun,0,1
zikai,0,1
zikun,0,1
zilei,0,2
zili,0,1
ziliang,0,1
ziling,0,1
zilong,0,2
zimerman,1,0
ziming,0,1
zinan,0,1
zining,0,1
ziniu,0,3
zinong,0,1
zipeng,0,1
ziqi,0,6
ziqian,0,2
ziqiang,0,2
ziqiao,0,1
ziqing,0,2
zirui,0,2
zishan,0,1
zishu,0,1
zitai,0,1
zitao,0,1
ziting,0,1
ziwei,0,7
ziwen,0,1
zixia,0,1
zixiang,0,2
zixin,0,1
zixu,0,1
zixuan,0,3
ziyan,0,4
ziyang,0,5
ziyao,0,2
ziyi,0,5
ziyin,0,1
ziyong,0,1
ziyou,0,2
ziyu,0,2
ziyuan,0,1
ziyue,0,3
zizhao,0,2
zizheng,0,1
zlata,0,1
zohar,0,1
zohren,1,0
zondi,1,0
zong,2,0
zonghai,0,1
zongkai,0,1
zonglin,0,1
zongmeng,0,1
zongmin,0,1
zongqi,0,1
zongqian,0,1
zongqing,0,1
zongxia,0,1
zongxiong,0,1
zongyuan,0,1
zongzhang,0,1
zou,11,0
zouaq,1,0
zoya,0,1
zubiaga,1,0
zubkov,1,0
zuccon,1,0
zuchao,0,1
zuchen,1,0
zugecova,1,0
zuhao,0,1
zujie,0,1
zujing,0,1
zulong,0,1
zuo,2,0
zuozhu,0,1
zuquan,0,1
zuxuan,0,1
đorđe,0,1
